-- MySQL dump 10.13  Distrib 8.0.20, for macos10.15 (x86_64)
--
-- Host: localhost    Database: ucsfda
-- ------------------------------------------------------
-- Server version	8.0.20

/*!40101 SET @OLD_CHARACTER_SET_CLIENT=@@CHARACTER_SET_CLIENT */;
/*!40101 SET @OLD_CHARACTER_SET_RESULTS=@@CHARACTER_SET_RESULTS */;
/*!40101 SET @OLD_COLLATION_CONNECTION=@@COLLATION_CONNECTION */;
/*!50503 SET NAMES utf8 */;
/*!40103 SET @OLD_TIME_ZONE=@@TIME_ZONE */;
/*!40103 SET TIME_ZONE='+00:00' */;
/*!40014 SET @OLD_UNIQUE_CHECKS=@@UNIQUE_CHECKS, UNIQUE_CHECKS=0 */;
/*!40014 SET @OLD_FOREIGN_KEY_CHECKS=@@FOREIGN_KEY_CHECKS, FOREIGN_KEY_CHECKS=0 */;
/*!40101 SET @OLD_SQL_MODE=@@SQL_MODE, SQL_MODE='NO_AUTO_VALUE_ON_ZERO' */;
/*!40111 SET @OLD_SQL_NOTES=@@SQL_NOTES, SQL_NOTES=0 */;

--
-- Table structure for table `admins`
--

DROP TABLE IF EXISTS `admins`;
/*!40101 SET @saved_cs_client     = @@character_set_client */;
/*!50503 SET character_set_client = utf8mb4 */;
CREATE TABLE `admins` (
  `id` int NOT NULL AUTO_INCREMENT,
  `first_name` varchar(60) NOT NULL,
  `middle_name` varchar(60) DEFAULT NULL,
  `last_name` varchar(60) NOT NULL,
  `email` varchar(128) NOT NULL,
  `cell_phone` varchar(10) DEFAULT NULL,
  `work_phone` varchar(10) NOT NULL,
  `home_phone` varchar(10) NOT NULL,
  PRIMARY KEY (`id`),
  UNIQUE KEY `id` (`id`),
  UNIQUE KEY `email` (`email`)
) ENGINE=InnoDB AUTO_INCREMENT=570820 DEFAULT CHARSET=utf8mb4 COLLATE=utf8mb4_0900_ai_ci;
/*!40101 SET character_set_client = @saved_cs_client */;

--
-- Dumping data for table `admins`
--

LOCK TABLES `admins` WRITE;
/*!40000 ALTER TABLE `admins` DISABLE KEYS */;
INSERT INTO `admins` VALUES (178183,'Donald','L','Ling','861668@email.edu','4158729172','415754708','415699669'),(548003,'Frank','O','Ling','651169@email.edu','4158684262','4159537483','415473919'),(570819,'Hal','Q','Campbell','746790@email.edu','4152218805','4157616865','4152718364');
/*!40000 ALTER TABLE `admins` ENABLE KEYS */;
UNLOCK TABLES;

--
-- Table structure for table `advisors`
--

DROP TABLE IF EXISTS `advisors`;
/*!40101 SET @saved_cs_client     = @@character_set_client */;
/*!50503 SET character_set_client = utf8mb4 */;
CREATE TABLE `advisors` (
  `id` int NOT NULL AUTO_INCREMENT,
  `first_name` varchar(60) NOT NULL,
  `middle_name` varchar(60) DEFAULT NULL,
  `last_name` varchar(60) NOT NULL,
  `email` varchar(128) NOT NULL,
  `cell_phone` varchar(10) DEFAULT NULL,
  `work_phone` varchar(10) NOT NULL,
  `home_phone` varchar(10) NOT NULL,
  `school` varchar(60) NOT NULL,
  PRIMARY KEY (`id`),
  UNIQUE KEY `id` (`id`),
  UNIQUE KEY `email` (`email`)
) ENGINE=InnoDB AUTO_INCREMENT=931283 DEFAULT CHARSET=utf8mb4 COLLATE=utf8mb4_0900_ai_ci;
/*!40101 SET character_set_client = @saved_cs_client */;

--
-- Dumping data for table `advisors`
--

LOCK TABLES `advisors` WRITE;
/*!40000 ALTER TABLE `advisors` DISABLE KEYS */;
INSERT INTO `advisors` VALUES (114006,'Meryl','P','Emmerich','882160@email.edu','4156240404','4158880605','4154641271','Shujin Academy'),(221355,'George','L','Campbell','653165@email.edu','4157006345','4153057675','4153319930','Bullworth Academy'),(224889,'Hal','V','Hunter','500985@email.edu','4154983580','4157260815','4156556114','Shujin Academy'),(359056,'Mei','P','Sears','600684@email.edu','4155987896','415120888','415604169','Shujin Academy'),(384043,'Roy','P','Jaeger','825420@email.edu','4152862394','4153777823','4156778531','Blackwell Academy'),(389226,'George','T','Ling','820160@email.edu','4151108426','4153282897','4156285046','Bullworth Academy'),(392261,'Johnny','E','Jaeger','154707@email.edu','4152719306','415431508','415643718','Shujin Academy'),(480284,'George','C','Anderson','148709@email.edu','4153399935','4154074406','4151305718','Bullworth Academy'),(503337,'Meryl','M','Ling','103285@email.edu','4153095103','4157459419','4159779779','Bullworth Academy'),(514543,'Johnny','E','Hunter','980497@email.edu','4151683205','4153022057','4152228672','Shujin Academy'),(570779,'Hal','F','Hunter','806013@email.edu','4151122375','4157200420','4152592784','Shujin Academy'),(643548,'Mei','K','Campbell','645080@email.edu','4159542793','415240309','4157002115','Blackwell Academy'),(673907,'Roy','U','Sasaki','967026@email.edu','4154211179','4158211314','4156716730','Blackwell Academy'),(676182,'Mei','M','Ling','758386@email.edu','4156011133','415993875','4153450491','Blackwell Academy'),(693673,'Roy','U','Silverburgh','912398@email.edu','4153965966','4154236961','4159533735','Blackwell Academy'),(764726,'George','F','Ling','630895@email.edu','4157519693','4154610307','4151699876','Blackwell Academy'),(876527,'Mei','O','Hunter','322399@email.edu','4155396391','4158679404','4154937731','Shujin Academy'),(900396,'Donald','R','Emmerich','482139@email.edu','4159462630','4152463462','4155313129','Blackwell Academy'),(903928,'Mei','H','Campbell','659622@email.edu','415255791','4155973036','4155847180','Shujin Academy'),(931282,'Donald','M','Ling','879338@email.edu','4155077031','415443248','4152193426','Bullworth Academy');
/*!40000 ALTER TABLE `advisors` ENABLE KEYS */;
UNLOCK TABLES;

--
-- Table structure for table `parents`
--

DROP TABLE IF EXISTS `parents`;
/*!40101 SET @saved_cs_client     = @@character_set_client */;
/*!50503 SET character_set_client = utf8mb4 */;
CREATE TABLE `parents` (
  `id` int NOT NULL AUTO_INCREMENT,
  `first_name` varchar(60) NOT NULL,
  `middle_name` varchar(60) DEFAULT NULL,
  `last_name` varchar(60) NOT NULL,
  `email` varchar(128) NOT NULL,
  `cell_phone` varchar(10) DEFAULT NULL,
  `work_phone` varchar(10) DEFAULT NULL,
  `home_phone` varchar(10) NOT NULL,
  `student_id` int NOT NULL,
  PRIMARY KEY (`id`),
  UNIQUE KEY `id` (`id`)
) ENGINE=InnoDB AUTO_INCREMENT=99951003 DEFAULT CHARSET=utf8mb4 COLLATE=utf8mb4_0900_ai_ci;
/*!40101 SET character_set_client = @saved_cs_client */;

--
-- Dumping data for table `parents`
--

LOCK TABLES `parents` WRITE;
/*!40000 ALTER TABLE `parents` DISABLE KEYS */;
INSERT INTO `parents` VALUES (10870001,'George','M','Sasaki','567585@email.edu','4153769724','4152211140','4155350899',108700),(10870002,'Donald','L','Emmerich','345176@email.edu','4159685084','4159125708','4154340176',108700),(11049301,'Mei','I','Hunter','295797@email.edu','4157188500','4151473320','4154745917',110493),(11049302,'George','S','Emmerich','908515@email.edu','4153163122','4154620620','4153306300',110493),(11772201,'Roy','G','Emmerich','290571@email.edu','4151395602','4159180943','4155449324',117722),(11772202,'Donald','Y','Ling','456835@email.edu','4152337695','4151745697','4153227458',117722),(12025201,'George','V','Ling','259664@email.edu','4158622618','4152033649','4158670508',120252),(12025202,'Hal','O','Silverburgh','829818@email.edu','4158915666','4155794284','4158407903',120252),(13385701,'Meryl','C','Ling','301784@email.edu','4157495031','4157537749','4156318035',133857),(13385702,'Frank','S','Emmerich','573439@email.edu','4151173845','4153273468','4154261587',133857),(14285401,'Mei','L','Jaeger','706981@email.edu','4157587133','4152767007','4154204485',142854),(14285402,'George','D','Hunter','292762@email.edu','4155543497','4158114256','4152135208',142854),(16235701,'Mei','Y','Anderson','794625@email.edu','4157233920','4151345182','4155078687',162357),(16235702,'Naomi','S','Anderson','273768@email.edu','4157361624','4158357559','4158900022',162357),(16311401,'Hal','X','Ling','721416@email.edu','4151891606','4157379642','415388301',163114),(16311402,'Frank','G','Hunter','626101@email.edu','4156463567','4152774162','415786780',163114),(17655701,'Mei','F','Ling','520972@email.edu','4157553141','4156849872','4151875972',176557),(17655702,'George','V','Anderson','337944@email.edu','4152416840','4151107658','4153781007',176557),(18191501,'Naomi','E','Sears','777817@email.edu','4157112834','4152184717','4159606314',181915),(18191502,'Naomi','M','Sasaki','584029@email.edu','415500157','4153266161','4151819551',181915),(18650601,'Naomi','L','Sears','118312@email.edu','4157860829','4155740185','4155971767',186506),(18650602,'Meryl','K','Anderson','557840@email.edu','4153996563','4155859959','415648057',186506),(18942501,'Frank','H','Silverburgh','662184@email.edu','415232783','415187231','415291947',189425),(18942502,'Meryl','M','Sasaki','218383@email.edu','4159903591','4159870377','4153825983',189425),(21354601,'Meryl','R','Emmerich','458813@email.edu','4153411991','4151572278','4159541288',213546),(21354602,'Donald','X','Sears','991519@email.edu','4156979517','4153684447','415448319',213546),(22522701,'Johnny','U','Emmerich','838841@email.edu','4151956772','4157023875','4152275724',225227),(22522702,'Meryl','E','Jaeger','224672@email.edu','4152294304','4153494759','4155208420',225227),(22628201,'Johnny','H','Jaeger','730645@email.edu','4158306171','4159274564','4154173642',226282),(22628202,'Meryl','H','Emmerich','816258@email.edu','4153407162','4153638023','4159045010',226282),(25801201,'George','M','Anderson','302389@email.edu','415947538','4153141160','4152620268',258012),(25801202,'Roy','Z','Anderson','792162@email.edu','4155511791','4159330548','415507065',258012),(27624101,'Johnny','U','Sears','356188@email.edu','4154880805','4151674589','415330340',276241),(27624102,'Meryl','M','Anderson','531029@email.edu','4153228664','4154388343','4154605992',276241),(28257201,'Johnny','E','Ling','772045@email.edu','4154425612','4153869559','4151457441',282572),(28257202,'George','E','Silverburgh','247920@email.edu','4152548943','4156785645','4158851954',282572),(28414201,'Mei','B','Hunter','140046@email.edu','4152657918','4157411346','4156054411',284142),(28414202,'Frank','L','Emmerich','706893@email.edu','4151319679','4153378493','4154382592',284142),(29531701,'Frank','O','Sasaki','876355@email.edu','4158600859','4152489291','415865103',295317),(29531702,'Roy','T','Ling','698464@email.edu','415937522','4152456704','41510634',295317),(30243201,'Mei','P','Hunter','149259@email.edu','4158765367','4157139547','4157409614',302432),(30243202,'Naomi','U','Campbell','897758@email.edu','4153026997','4156257870','4153390287',302432),(31146601,'Donald','I','Ling','782222@email.edu','4151087118','4153762262','415422329',311466),(31146602,'George','M','Jaeger','723634@email.edu','4159883201','415849725','4155011802',311466),(31459801,'Roy','K','Sears','152979@email.edu','4155023289','415815057','4152889115',314598),(31459802,'Mei','J','Anderson','485455@email.edu','4151512529','4156774499','4156313021',314598),(32784601,'Johnny','X','Jaeger','850292@email.edu','415543522','4157700039','4158224078',327846),(32784602,'George','O','Ling','987823@email.edu','4151420763','4158714472','4157871021',327846),(32908601,'Roy','X','Anderson','536958@email.edu','4159974537','4153001662','4157010506',329086),(32908602,'Meryl','Z','Emmerich','320163@email.edu','4152158614','4155837483','4158566979',329086),(33030701,'Frank','J','Hunter','828135@email.edu','4157987251','4156133580','4152791043',330307),(33030702,'Naomi','Z','Sears','414132@email.edu','4156126580','4152190009','4156890496',330307),(35020301,'Frank','W','Jaeger','987371@email.edu','4156158194','4154231205','4157722701',350203),(35020302,'Johnny','U','Sears','664973@email.edu','4155114677','4153942005','4152531307',350203),(38445401,'Mei','K','Hunter','371049@email.edu','4151229442','4155904097','4151510757',384454),(38445402,'Roy','O','Sasaki','451311@email.edu','4157219786','4155932469','4154136092',384454),(38674801,'Frank','F','Jaeger','526083@email.edu','4155629524','4154866304','4155950912',386748),(38674802,'George','U','Anderson','449453@email.edu','4157169013','4159810639','4159792183',386748),(38961601,'Roy','R','Hunter','565745@email.edu','415462490','4159195178','4157652875',389616),(38961602,'Mei','U','Campbell','978811@email.edu','4159632719','4156973528','415875175',389616),(39645101,'George','A','Silverburgh','460482@email.edu','4153132009','4151032013','4158608495',396451),(39645102,'George','P','Anderson','159811@email.edu','4154285192','4153667307','4152909460',396451),(40111001,'Meryl','M','Sears','320194@email.edu','4151185071','4153297069','4151772363',401110),(40111002,'George','W','Ling','676674@email.edu','4153038285','4154054365','4158661494',401110),(40406401,'Frank','J','Sears','976168@email.edu','4157170730','4158078185','4152794089',404064),(40406402,'Frank','N','Anderson','476334@email.edu','4153890114','4157081334','4151236768',404064),(42234401,'Donald','Q','Campbell','166693@email.edu','4155097086','415423702','4158685482',422344),(42234402,'Mei','W','Sasaki','435753@email.edu','4158268393','4153655164','4156814856',422344),(43138901,'Hal','I','Jaeger','633052@email.edu','4156824618','415897910','415340537',431389),(43138902,'Frank','X','Hunter','394674@email.edu','4153170171','4157978429','4154206236',431389),(43977701,'Donald','H','Silverburgh','611822@email.edu','4156021141','4153946250','4152968378',439777),(43977702,'George','W','Sears','152897@email.edu','415150304','4158173083','4156314500',439777),(44967901,'Naomi','R','Sasaki','643850@email.edu','4154200990','4155761703','415599990',449679),(44967902,'Donald','U','Silverburgh','517983@email.edu','4155126032','4154886712','4157114197',449679),(46077501,'Mei','U','Sears','567318@email.edu','4158940508','4153112713','4151351308',460775),(46077502,'Mei','I','Hunter','106005@email.edu','415825619','4151610403','4159143575',460775),(46213901,'Donald','P','Jaeger','688864@email.edu','4153898772','4158390967','415213557',462139),(46213902,'Hal','I','Ling','697933@email.edu','4159667489','4153570245','4155183595',462139),(46339001,'Hal','E','Silverburgh','463925@email.edu','4153819849','4157520294','4153992434',463390),(46339002,'Roy','K','Ling','945138@email.edu','4158097179','4155637118','4154793328',463390),(46895201,'Mei','P','Sasaki','981135@email.edu','4159426060','4153354595','4152512730',468952),(46895202,'George','Q','Campbell','927345@email.edu','4158596114','4157315705','4159197700',468952),(47502301,'Mei','L','Jaeger','362698@email.edu','4156005451','4155967543','4157845477',475023),(47502302,'Naomi','P','Sasaki','367967@email.edu','4159157077','4151262277','415877167',475023),(47557601,'Meryl','L','Jaeger','694832@email.edu','4159977015','4159350965','4151161763',475576),(47557602,'Hal','W','Sasaki','172909@email.edu','4155283750','4151131933','4155217987',475576),(49012001,'Meryl','X','Campbell','887016@email.edu','4151098508','4153551883','4154133075',490120),(49012002,'Johnny','V','Sasaki','568752@email.edu','4156870651','4153463210','4159643665',490120),(49194701,'Hal','P','Campbell','779195@email.edu','4156226076','4152900494','4153211012',491947),(49194702,'Frank','J','Anderson','154617@email.edu','4157073098','4158239589','4157823967',491947),(50002901,'Naomi','Q','Silverburgh','781431@email.edu','4154615394','4155086714','415841523',500029),(50002902,'Mei','R','Silverburgh','690027@email.edu','4158671018','4151614492','4158313539',500029),(50677901,'Roy','T','Sasaki','837403@email.edu','4155041603','4152990038','4157713501',506779),(50677902,'Mei','F','Sasaki','206928@email.edu','4154081185','4151538889','4155349327',506779),(50755801,'Roy','H','Sears','821037@email.edu','4158064459','4151884461','4156345453',507558),(50755802,'Meryl','F','Ling','682647@email.edu','4155012496','4159441313','415733350',507558),(51396601,'Mei','X','Jaeger','430221@email.edu','4151557813','4153640046','4153811401',513966),(51396602,'Donald','E','Silverburgh','561363@email.edu','4152069033','415440140','4157569575',513966),(51813201,'Donald','R','Sasaki','157908@email.edu','415263942','415849219','4153992240',518132),(51813202,'Naomi','T','Campbell','476702@email.edu','4153200522','4157236868','4153004676',518132),(53163301,'Meryl','W','Jaeger','891291@email.edu','4155345197','4155766026','4156110420',531633),(53163302,'George','R','Emmerich','827862@email.edu','4154116230','4159730442','415136324',531633),(53382101,'Hal','D','Hunter','994382@email.edu','415277439','4159102286','4157100744',533821),(53382102,'Naomi','P','Ling','679849@email.edu','4157187688','415204344','4158282080',533821),(54129201,'Roy','X','Hunter','190020@email.edu','4154659568','4157308404','4159377248',541292),(54129202,'Mei','B','Emmerich','289531@email.edu','4157126447','4154959904','4156806074',541292),(54372601,'Naomi','L','Sears','803085@email.edu','4152650777','4153627235','4152266781',543726),(54372602,'George','N','Ling','934301@email.edu','4159577676','4152290446','4156640467',543726),(54434501,'Hal','S','Campbell','576685@email.edu','4151196530','4151984760','4158231640',544345),(54434502,'Mei','H','Campbell','307472@email.edu','415167114','4159119460','415806262',544345),(54827601,'Roy','G','Hunter','485367@email.edu','4154186362','4154085669','4153394130',548276),(54827602,'Roy','N','Jaeger','910617@email.edu','4151293284','4159300581','4155564314',548276),(56299601,'Roy','V','Campbell','876040@email.edu','4152885053','4158250736','4154257938',562996),(56299602,'Hal','O','Silverburgh','867271@email.edu','4152301342','4157796329','4152487933',562996),(57826501,'George','N','Jaeger','617582@email.edu','4159100220','415249180','4152661641',578265),(57826502,'Donald','W','Sears','352218@email.edu','4156404030','4157984368','4156511011',578265),(60575401,'Mei','H','Emmerich','969071@email.edu','4157800605','4158127696','4153935610',605754),(60575402,'George','O','Sasaki','521804@email.edu','4155166790','4151557419','4156477542',605754),(62622701,'Mei','F','Campbell','197663@email.edu','4157008687','4154049750','4158128627',626227),(62622702,'Naomi','S','Ling','634776@email.edu','4156378418','4154609713','4158835089',626227),(64405301,'Meryl','O','Ling','880246@email.edu','4158966238','4151041750','4154855242',644053),(64405302,'Frank','R','Ling','946604@email.edu','4158154018','4156019985','4153372367',644053),(66036801,'Frank','L','Hunter','989228@email.edu','4156052227','4159804847','415598107',660368),(66036802,'Johnny','C','Sears','443518@email.edu','4154097983','4158171160','4157637205',660368),(66132301,'Mei','K','Hunter','625687@email.edu','4152876887','4154153026','4159524363',661323),(66132302,'Johnny','R','Sears','839453@email.edu','4152826634','4154820072','4156629008',661323),(66762201,'Donald','J','Hunter','419380@email.edu','4158871493','4151066264','4155451903',667622),(66762202,'Hal','C','Anderson','597823@email.edu','4151986430','4151560259','4151483048',667622),(67669201,'Donald','W','Ling','837659@email.edu','4155550527','4158871816','4157311798',676692),(67669202,'Frank','L','Campbell','571163@email.edu','415546974','4155314968','4152088292',676692),(68468001,'Naomi','T','Anderson','840967@email.edu','4159098698','4157742311','4152001812',684680),(68468002,'Donald','A','Jaeger','104758@email.edu','4159307515','4158373465','4151301693',684680),(69336401,'Mei','A','Sears','744242@email.edu','4158370466','4153840138','4157190981',693364),(69336402,'Hal','Z','Ling','333513@email.edu','4152728505','4158902164','4151475006',693364),(69745501,'Johnny','S','Anderson','358143@email.edu','4151973268','415690261','4159128259',697455),(69745502,'Donald','A','Emmerich','666129@email.edu','415631377','4155552644','4155677195',697455),(71410901,'Naomi','S','Hunter','927047@email.edu','415807860','4154323979','4153399324',714109),(71410902,'Hal','I','Jaeger','230627@email.edu','4152113289','4155002612','4153939599',714109),(71566301,'Mei','X','Sasaki','214230@email.edu','4156634506','4158863084','415411873',715663),(71566302,'Naomi','G','Jaeger','689022@email.edu','4157557660','4158139875','4153814597',715663),(71758001,'Meryl','Y','Ling','412880@email.edu','4158886462','4156877240','4153437848',717580),(71758002,'Roy','Q','Silverburgh','281576@email.edu','4153495707','4156181191','4156086980',717580),(73100601,'Hal','H','Ling','578079@email.edu','4151377039','4152804303','4153633296',731006),(73100602,'Naomi','Z','Sasaki','316672@email.edu','4153757747','4156652364','415710087',731006),(73386001,'Naomi','E','Sears','750695@email.edu','4159690758','4152704004','4151472243',733860),(73386002,'Hal','W','Sasaki','607422@email.edu','4157658530','4158695140','4151444203',733860),(73619601,'Mei','A','Anderson','928642@email.edu','4159278055','4154846485','4154055699',736196),(73619602,'Johnny','T','Anderson','536207@email.edu','4151844176','4151548790','4153237275',736196),(74178601,'Mei','S','Ling','547084@email.edu','4156304790','4153429527','4157666791',741786),(74178602,'Roy','Z','Jaeger','589615@email.edu','4157700082','4154994689','4157608836',741786),(74363301,'Roy','C','Silverburgh','676257@email.edu','4155247399','4155268060','4157349748',743633),(74363302,'Roy','G','Anderson','123371@email.edu','4155755092','4156462913','4157290447',743633),(74646701,'Hal','K','Anderson','443957@email.edu','4151787091','4151057756','4153503369',746467),(74646702,'Hal','J','Anderson','916528@email.edu','4158881258','4151914075','4152833879',746467),(75700001,'Johnny','Y','Anderson','703391@email.edu','4158802598','4159379310','4157000941',757000),(75700002,'Roy','K','Campbell','417080@email.edu','4151817854','4159490717','4151122524',757000),(77086001,'Mei','W','Ling','584402@email.edu','415166117','4155132550','4156888878',770860),(77086002,'Roy','L','Jaeger','440153@email.edu','4156797908','4159123248','4151179861',770860),(81485001,'Meryl','S','Anderson','944070@email.edu','4157460180','415246151','4158499169',814850),(81485002,'Roy','L','Ling','236147@email.edu','4158451229','41593317','415419521',814850),(81741001,'Donald','J','Anderson','282338@email.edu','4153308035','4152572648','4154533697',817410),(81741002,'George','Y','Emmerich','362597@email.edu','4159975718','4155535541','4155730273',817410),(82258401,'Naomi','B','Sasaki','872933@email.edu','4157535833','4158173503','4154729865',822584),(82258402,'Donald','L','Campbell','392881@email.edu','4155264323','4159833308','4152549984',822584),(82710101,'Meryl','W','Ling','886286@email.edu','4155600120','4151167871','4153009705',827101),(82710102,'Donald','G','Anderson','162175@email.edu','4157500788','4152295984','4159906879',827101),(82796801,'Mei','F','Anderson','429962@email.edu','4152835093','4153182964','4153183115',827968),(82796802,'George','J','Campbell','766936@email.edu','4152144767','4152910849','4154570715',827968),(83266101,'Naomi','N','Campbell','524207@email.edu','4155013719','4155161562','4154564655',832661),(83266102,'Meryl','V','Anderson','227431@email.edu','4154811807','4155131312','4159234469',832661),(83397501,'Frank','U','Campbell','105994@email.edu','4158957041','4153652653','4156981962',833975),(83397502,'Mei','W','Sasaki','275140@email.edu','415785060','4158159637','415882066',833975),(84557701,'Mei','O','Emmerich','554922@email.edu','4152391253','4159426450','4157556780',845577),(84557702,'Frank','C','Emmerich','633490@email.edu','4151336571','4159258653','4158865460',845577),(86496101,'Roy','V','Campbell','922322@email.edu','4151446814','4156003956','415697989',864961),(86496102,'George','Z','Emmerich','795806@email.edu','4157290636','4153761897','4159880265',864961),(87414801,'Hal','V','Campbell','536220@email.edu','4153951672','4156261803','4158067350',874148),(87414802,'Hal','V','Hunter','567432@email.edu','4154329404','4151387919','4154452084',874148),(88537701,'Mei','Z','Jaeger','979334@email.edu','4152279262','4157316776','415285713',885377),(88537702,'George','S','Sasaki','304363@email.edu','4155087670','415976463','4152339878',885377),(90923001,'Meryl','N','Emmerich','605388@email.edu','4157982444','415475724','4154893350',909230),(90923002,'Johnny','O','Ling','242000@email.edu','4154809525','4158953855','4156652091',909230),(91093401,'Naomi','L','Jaeger','384757@email.edu','4158614538','4156097241','4154882081',910934),(91093402,'Frank','C','Sears','578871@email.edu','4151373428','4152012045','4159364380',910934),(91318801,'Donald','V','Jaeger','822540@email.edu','4159425788','4153398352','4158963818',913188),(91318802,'Hal','E','Sears','633369@email.edu','4159414508','4154855221','4155960534',913188),(92274901,'Hal','Z','Campbell','737560@email.edu','4159837452','4157387418','4153411807',922749),(92274902,'Frank','X','Anderson','676271@email.edu','4155012731','4152411995','4158336876',922749),(92989401,'Mei','D','Hunter','137017@email.edu','4153722944','4156996208','4159988436',929894),(92989402,'Hal','W','Hunter','726590@email.edu','4158032248','4159448892','4153139314',929894),(95389601,'Roy','C','Hunter','841197@email.edu','4158247102','4159534657','4151164868',953896),(95389602,'Naomi','N','Silverburgh','108509@email.edu','4157543522','4156464181','415225445',953896),(95393201,'Hal','O','Anderson','263113@email.edu','4159849684','4159225456','4156595354',953932),(95393202,'George','A','Jaeger','506158@email.edu','4157268054','4154005784','4154551133',953932),(96154301,'Roy','F','Emmerich','814060@email.edu','415652623','4157056737','4159902839',961543),(96154302,'Frank','G','Hunter','841746@email.edu','4156562648','4158640785','4151527124',961543),(97648101,'Johnny','C','Sasaki','103991@email.edu','4154538427','4152375200','4151593990',976481),(97648102,'Meryl','N','Hunter','969368@email.edu','4151051933','4152771840','4154874634',976481),(99951001,'Naomi','Z','Sears','783925@email.edu','4155902453','4152506129','4152339863',999510),(99951002,'Roy','N','Hunter','572958@email.edu','415269832','4152502814','4152980728',999510);
/*!40000 ALTER TABLE `parents` ENABLE KEYS */;
UNLOCK TABLES;

--
-- Table structure for table `students`
--

DROP TABLE IF EXISTS `students`;
/*!40101 SET @saved_cs_client     = @@character_set_client */;
/*!50503 SET character_set_client = utf8mb4 */;
CREATE TABLE `students` (
  `id` int NOT NULL AUTO_INCREMENT,
  `first_name` varchar(60) NOT NULL,
  `middle_name` varchar(60) DEFAULT NULL,
  `last_name` varchar(60) NOT NULL,
  `email` varchar(128) NOT NULL,
  `cell_phone` varchar(10) DEFAULT NULL,
  `work_phone` varchar(10) DEFAULT NULL,
  `home_phone` varchar(10) NOT NULL,
  `school` varchar(60) NOT NULL,
  `grade` varchar(16) NOT NULL,
  `expected_grad` int NOT NULL,
  `gpa` varchar(60) NOT NULL,
  `program_status` varchar(16) NOT NULL,
  `fmp_id` int NOT NULL,
  `parent_1_id` int NOT NULL,
  `parent_2_id` int NOT NULL,
  `advisor_id` int NOT NULL,
  PRIMARY KEY (`id`),
  UNIQUE KEY `id` (`id`),
  UNIQUE KEY `email` (`email`),
  UNIQUE KEY `fmp_id` (`fmp_id`)
) ENGINE=InnoDB AUTO_INCREMENT=999511 DEFAULT CHARSET=utf8mb4 COLLATE=utf8mb4_0900_ai_ci;
/*!40101 SET character_set_client = @saved_cs_client */;

--
-- Dumping data for table `students`
--

LOCK TABLES `students` WRITE;
/*!40000 ALTER TABLE `students` DISABLE KEYS */;
INSERT INTO `students` VALUES (108700,'George','W','Emmerich','707443@email.edu','4159296109','4153854418','4152333797','Shujin Academy','Sophomore',2023,'0.18','Enrolled',563471,10870001,10870002,931282),(110493,'Naomi','K','Jaeger','143884@email.edu','4151774739','41559830','4158426777','Bullworth Academy','Sophomore',2022,'1.45','Expelled',826448,11049301,11049302,876527),(117722,'Roy','N','Ling','599615@email.edu','4153320293','415884631','4155623485','Bullworth Academy','Senior',2023,'5.29','Enrolled',107056,11772201,11772202,221355),(120252,'Mei','R','Sears','599341@email.edu','4155406457','4155148777','4156778221','Blackwell Academy','Freshman',2023,'4.82','Expelled',265929,12025201,12025202,392261),(133857,'Roy','P','Anderson','357930@email.edu','4156146572','4159141725','4154478990','Shujin Academy','Sophomore',2022,'2.29','Enrolled',189474,13385701,13385702,392261),(142854,'Roy','S','Jaeger','813411@email.edu','4156069446','4155351213','4159397202','Bullworth Academy','Freshman',2022,'2.87','Graduated',692814,14285401,14285402,389226),(162357,'Hal','S','Anderson','244660@email.edu','4152194298','4156735197','4155966040','Blackwell Academy','Senior',2021,'5.13','Expelled',694199,16235701,16235702,903928),(163114,'Donald','Y','Hunter','185764@email.edu','4155655737','4153827758','41564658','Blackwell Academy','Freshman',2022,'5.31','Graduated',472182,16311401,16311402,359056),(176557,'Naomi','D','Sasaki','724115@email.edu','4155700239','4154721829','4152366662','Blackwell Academy','Freshman',2022,'5.21','Graduated',720694,17655701,17655702,903928),(181915,'Mei','D','Silverburgh','291793@email.edu','4159026190','4157735614','4158513219','Shujin Academy','Sophomore',2021,'4.68','Graduated',568346,18191501,18191502,503337),(186506,'Meryl','H','Sears','927636@email.edu','415337427','4156110584','4151263797','Blackwell Academy','Sophomore',2024,'2.20','Enrolled',466595,18650601,18650602,903928),(189425,'Roy','H','Ling','149221@email.edu','4153316681','4152885222','4158103385','Bullworth Academy','Senior',2023,'4.79','Enrolled',342542,18942501,18942502,114006),(213546,'Naomi','S','Sasaki','785205@email.edu','4158427477','415719038','415799830','Bullworth Academy','Senior',2023,'3.92','Graduated',525820,21354601,21354602,764726),(225227,'Donald','P','Emmerich','289821@email.edu','4151383151','4152614076','4154396185','Shujin Academy','Senior',2022,'0.0','Expelled',868531,22522701,22522702,359056),(226282,'Hal','K','Anderson','383200@email.edu','4155966996','4154795047','4153559122','Bullworth Academy','Freshman',2021,'4.91','Enrolled',377607,22628201,22628202,359056),(258012,'Mei','N','Ling','161170@email.edu','4154096902','4157222001','415937950','Bullworth Academy','Senior',2024,'2.22','Enrolled',872419,25801201,25801202,221355),(276241,'Mei','J','Emmerich','258645@email.edu','4155585369','4153850731','4153115474','Shujin Academy','Sophomore',2021,'0.28','Expelled',280021,27624101,27624102,389226),(282572,'Hal','U','Ling','266258@email.edu','4155014090','4152060568','4151173255','Bullworth Academy','Senior',2021,'0.77','Graduated',781608,28257201,28257202,931282),(284142,'Donald','K','Sasaki','860690@email.edu','4155503612','4154411315','4159824485','Bullworth Academy','Junior',2021,'1.54','Graduated',165349,28414201,28414202,764726),(295317,'Meryl','O','Ling','786900@email.edu','4156937882','4156774681','4152122179','Bullworth Academy','Freshman',2023,'1.99','Enrolled',363776,29531701,29531702,503337),(302432,'Hal','J','Hunter','190030@email.edu','4152425029','4156975981','4154414679','Blackwell Academy','Sophomore',2024,'1.38','Expelled',715172,30243201,30243202,514543),(311466,'Roy','L','Emmerich','344634@email.edu','4155768590','4157518584','4153752936','Blackwell Academy','Junior',2024,'0.48','Expelled',139180,31146601,31146602,570779),(314598,'Johnny','Y','Sears','614599@email.edu','4159623372','4159767134','4153288535','Bullworth Academy','Senior',2022,'4.44','Graduated',780584,31459801,31459802,514543),(327846,'Donald','B','Emmerich','761411@email.edu','4158554425','4155728597','4151781842','Blackwell Academy','Freshman',2022,'1.97','Expelled',923170,32784601,32784602,221355),(329086,'Mei','D','Ling','554791@email.edu','4155892303','4159022884','4156610399','Blackwell Academy','Sophomore',2023,'1.27','Graduated',962526,32908601,32908602,480284),(330307,'Hal','N','Sasaki','964135@email.edu','4155862659','4153701035','4159683396','Shujin Academy','Freshman',2024,'4.94','Graduated',321867,33030701,33030702,570779),(350203,'Naomi','Q','Ling','855247@email.edu','4158893898','4155434448','4153454692','Blackwell Academy','Junior',2024,'1.94','Expelled',437178,35020301,35020302,693673),(384454,'Meryl','U','Emmerich','776075@email.edu','4154808835','4151731068','4156253580','Blackwell Academy','Freshman',2022,'2.62','Expelled',575077,38445401,38445402,931282),(386748,'Frank','W','Sasaki','292561@email.edu','4153609557','4152764198','4151812817','Bullworth Academy','Junior',2023,'1.70','Expelled',370680,38674801,38674802,480284),(389616,'Hal','V','Emmerich','474758@email.edu','4154006251','4157035859','4154123526','Shujin Academy','Senior',2024,'5.13','Expelled',757006,38961601,38961602,643548),(396451,'George','U','Sears','993950@email.edu','4155206865','4157160747','4151042024','Blackwell Academy','Junior',2024,'5.71','Expelled',359575,39645101,39645102,900396),(401110,'Donald','T','Sears','333360@email.edu','4158115772','4157582821','4153483657','Bullworth Academy','Freshman',2024,'3.97','Enrolled',561791,40111001,40111002,900396),(404064,'Frank','K','Jaeger','610378@email.edu','4152558452','4156351732','4158082465','Blackwell Academy','Senior',2022,'3.26','Graduated',567232,40406401,40406402,480284),(422344,'Johnny','P','Anderson','292367@email.edu','4153340985','4153354934','4152691819','Blackwell Academy','Freshman',2021,'0.19','Enrolled',617808,42234401,42234402,384043),(431389,'Meryl','B','Hunter','143524@email.edu','4153567561','4152171120','4159441369','Bullworth Academy','Sophomore',2022,'5.24','Enrolled',311482,43138901,43138902,570779),(439777,'Roy','S','Silverburgh','465665@email.edu','4157757661','4151667051','4151527088','Shujin Academy','Sophomore',2021,'1.76','Graduated',897774,43977701,43977702,114006),(449679,'Meryl','T','Anderson','115999@email.edu','4155949018','4152252648','415357082','Shujin Academy','Senior',2022,'0.58','Expelled',415125,44967901,44967902,931282),(460775,'Naomi','F','Jaeger','861899@email.edu','4154119920','4152355231','4154843524','Blackwell Academy','Junior',2024,'1.50','Graduated',260714,46077501,46077502,480284),(462139,'Naomi','B','Hunter','120153@email.edu','4151014715','4152185906','415143396','Shujin Academy','Sophomore',2022,'3.88','Graduated',860886,46213901,46213902,676182),(463390,'Meryl','P','Hunter','189013@email.edu','4159614164','4154168583','4152436053','Blackwell Academy','Senior',2022,'1.46','Enrolled',369810,46339001,46339002,503337),(468952,'Roy','T','Jaeger','224032@email.edu','4153991967','4159273097','4153590368','Shujin Academy','Freshman',2022,'4.9','Enrolled',837425,46895201,46895202,221355),(475023,'Frank','P','Hunter','414105@email.edu','4156263584','4155037427','4154364335','Shujin Academy','Freshman',2021,'2.93','Expelled',384388,47502301,47502302,643548),(475576,'Mei','B','Sears','803077@email.edu','415866205','4158268505','4156221348','Blackwell Academy','Freshman',2022,'0.68','Enrolled',379605,47557601,47557602,114006),(490120,'Mei','U','Jaeger','388080@email.edu','4154861132','4157951743','4158160376','Bullworth Academy','Senior',2023,'0.52','Enrolled',970598,49012001,49012002,764726),(491947,'Johnny','X','Anderson','555626@email.edu','4154560592','4157149578','4153679842','Shujin Academy','Junior',2024,'3.17','Graduated',233836,49194701,49194702,676182),(500029,'Johnny','B','Silverburgh','104422@email.edu','4159813014','4155641481','4155781349','Blackwell Academy','Sophomore',2021,'3.20','Expelled',904506,50002901,50002902,673907),(506779,'Frank','D','Emmerich','438617@email.edu','4155070995','4155717438','4154309381','Bullworth Academy','Senior',2021,'0.69','Expelled',316120,50677901,50677902,514543),(507558,'Johnny','P','Emmerich','357698@email.edu','4155444736','4159783996','41537410','Shujin Academy','Freshman',2021,'1.65','Graduated',850360,50755801,50755802,389226),(513966,'Roy','O','Anderson','217070@email.edu','4153914619','4153773847','4158097300','Shujin Academy','Sophomore',2022,'2.34','Enrolled',765667,51396601,51396602,514543),(518132,'Mei','T','Ling','234547@email.edu','4153493506','4158119191','4159623536','Shujin Academy','Senior',2023,'3.30','Enrolled',451535,51813201,51813202,114006),(531633,'Naomi','B','Anderson','190694@email.edu','4156015975','4152526065','4154737449','Shujin Academy','Freshman',2021,'5.77','Expelled',672026,53163301,53163302,514543),(533821,'Mei','H','Sasaki','397504@email.edu','4155456599','4153405808','415224998','Shujin Academy','Sophomore',2021,'4.10','Graduated',517616,53382101,53382102,764726),(541292,'Johnny','I','Hunter','409280@email.edu','4152699445','4158592180','4155309951','Shujin Academy','Junior',2022,'4.81','Enrolled',523257,54129201,54129202,480284),(543726,'George','N','Emmerich','612906@email.edu','4153172599','4156091707','4154027366','Shujin Academy','Junior',2023,'3.93','Graduated',955035,54372601,54372602,876527),(544345,'Mei','K','Jaeger','236965@email.edu','4153810569','4158388113','4151017029','Blackwell Academy','Senior',2023,'2.2','Enrolled',785446,54434501,54434502,384043),(548276,'Meryl','Z','Jaeger','264877@email.edu','4153675251','4152852486','41516367','Bullworth Academy','Senior',2024,'1.62','Graduated',994392,54827601,54827602,693673),(562996,'Donald','H','Ling','383840@email.edu','415598566','4155309692','4156067482','Blackwell Academy','Freshman',2023,'1.72','Graduated',169961,56299601,56299602,503337),(578265,'Frank','V','Anderson','787953@email.edu','4157620189','4157132475','4159829128','Shujin Academy','Sophomore',2023,'5.9','Expelled',268234,57826501,57826502,389226),(605754,'Donald','B','Ling','691552@email.edu','4159746356','4156851945','4151700095','Blackwell Academy','Sophomore',2021,'5.55','Enrolled',779352,60575401,60575402,931282),(626227,'Johnny','G','Ling','485315@email.edu','4151564206','4154134635','4153018052','Bullworth Academy','Sophomore',2024,'0.70','Graduated',561994,62622701,62622702,224889),(644053,'Donald','N','Sears','747755@email.edu','4154065582','4158315282','4156900367','Bullworth Academy','Senior',2024,'1.94','Enrolled',576203,64405301,64405302,392261),(660368,'Naomi','Y','Sears','409786@email.edu','4158755825','4154693848','415147332','Bullworth Academy','Sophomore',2021,'0.95','Enrolled',526898,66036801,66036802,673907),(661323,'Roy','V','Sears','367782@email.edu','4159161915','4156035638','4158014141','Shujin Academy','Freshman',2023,'5.95','Enrolled',604512,66132301,66132302,114006),(667622,'Mei','E','Silverburgh','170019@email.edu','4156774850','4158864044','415931807','Bullworth Academy','Junior',2022,'4.50','Graduated',840522,66762201,66762202,903928),(676692,'Naomi','A','Campbell','604816@email.edu','415280204','4154326516','4155999977','Shujin Academy','Freshman',2023,'3.44','Enrolled',556701,67669201,67669202,480284),(684680,'George','H','Campbell','503036@email.edu','4154983284','4157189552','4151215178','Shujin Academy','Senior',2024,'1.34','Enrolled',418260,68468001,68468002,480284),(693364,'Frank','J','Jaeger','289262@email.edu','4151489521','4159685475','4158210168','Bullworth Academy','Freshman',2023,'3.74','Enrolled',206029,69336401,69336402,392261),(697455,'Naomi','O','Hunter','969814@email.edu','4157703645','4156686136','4156543715','Bullworth Academy','Sophomore',2022,'4.57','Expelled',787015,69745501,69745502,876527),(714109,'Hal','V','Anderson','318256@email.edu','4152615421','4151004097','4151144866','Shujin Academy','Sophomore',2021,'4.50','Graduated',858314,71410901,71410902,673907),(715663,'Roy','K','Anderson','947646@email.edu','4152317037','4159796440','4155192547','Blackwell Academy','Junior',2023,'0.51','Enrolled',141194,71566301,71566302,900396),(717580,'George','Q','Jaeger','534722@email.edu','4158337843','4154126005','4157940032','Bullworth Academy','Junior',2021,'2.90','Graduated',281127,71758001,71758002,673907),(731006,'Roy','K','Emmerich','732961@email.edu','4153948433','4159987729','4152629057','Blackwell Academy','Freshman',2022,'4.53','Expelled',909766,73100601,73100602,503337),(733860,'Hal','E','Anderson','399791@email.edu','4158898367','4154224054','4157989244','Bullworth Academy','Sophomore',2024,'2.77','Graduated',508568,73386001,73386002,224889),(736196,'Frank','R','Sasaki','422997@email.edu','4159490937','415466496','4152248203','Bullworth Academy','Sophomore',2024,'5.67','Enrolled',399738,73619601,73619602,514543),(741786,'Naomi','M','Anderson','640830@email.edu','4157640548','4156000033','4159554833','Blackwell Academy','Sophomore',2022,'5.32','Expelled',518377,74178601,74178602,693673),(743633,'Frank','E','Sears','899152@email.edu','4156855357','4155688801','4157839166','Blackwell Academy','Sophomore',2021,'5.86','Graduated',546147,74363301,74363302,876527),(746467,'Naomi','G','Campbell','421986@email.edu','4156984063','4152479466','4156457149','Blackwell Academy','Sophomore',2023,'2.55','Graduated',740512,74646701,74646702,876527),(757000,'Frank','J','Sears','297875@email.edu','4157398081','415129911','415571312','Shujin Academy','Sophomore',2024,'3.61','Graduated',715598,75700001,75700002,389226),(770860,'George','C','Hunter','838399@email.edu','4153946838','4152622323','4158219313','Blackwell Academy','Freshman',2022,'0.20','Graduated',182845,77086001,77086002,221355),(814850,'Meryl','E','Hunter','775266@email.edu','4152285167','4157008751','4158558785','Blackwell Academy','Sophomore',2022,'3.10','Enrolled',917767,81485001,81485002,384043),(817410,'Roy','G','Hunter','467018@email.edu','4153043264','4155953426','4154232090','Shujin Academy','Senior',2023,'0.91','Enrolled',664751,81741001,81741002,392261),(822584,'Hal','B','Ling','383845@email.edu','4155597337','4159431700','4155478411','Blackwell Academy','Sophomore',2023,'2.45','Expelled',316358,82258401,82258402,673907),(827101,'Mei','G','Jaeger','906364@email.edu','4156453194','4159810174','4157235203','Blackwell Academy','Junior',2023,'2.88','Expelled',200442,82710101,82710102,480284),(827968,'George','S','Sasaki','985305@email.edu','4155673300','4159874834','4159148460','Shujin Academy','Freshman',2021,'2.45','Enrolled',288462,82796801,82796802,676182),(832661,'Donald','H','Ling','576141@email.edu','4154258677','4155653939','4155413794','Shujin Academy','Senior',2022,'5.4','Graduated',789040,83266101,83266102,514543),(833975,'Donald','G','Sasaki','860979@email.edu','4153199033','4155199674','4155509270','Blackwell Academy','Senior',2024,'2.94','Expelled',544615,83397501,83397502,384043),(845577,'Johnny','I','Silverburgh','819238@email.edu','4158842574','4158768931','4152275214','Bullworth Academy','Freshman',2023,'0.14','Expelled',643095,84557701,84557702,931282),(864961,'Meryl','B','Campbell','649417@email.edu','4151546794','4156287799','4158727027','Shujin Academy','Junior',2024,'2.20','Enrolled',533430,86496101,86496102,503337),(874148,'George','B','Anderson','751042@email.edu','4154118821','4159676310','4158329649','Blackwell Academy','Freshman',2022,'0.69','Expelled',707353,87414801,87414802,643548),(885377,'Frank','X','Sasaki','381799@email.edu','4154888463','4159012821','4154361998','Shujin Academy','Sophomore',2023,'5.47','Expelled',472973,88537701,88537702,643548),(909230,'Donald','F','Anderson','424842@email.edu','4156036511','4155296414','4157720129','Shujin Academy','Junior',2022,'2.10','Expelled',372971,90923001,90923002,480284),(910934,'Naomi','H','Hunter','596229@email.edu','4151474609','4151731817','4159941134','Bullworth Academy','Freshman',2021,'4.12','Graduated',570636,91093401,91093402,764726),(913188,'Mei','G','Hunter','515147@email.edu','4154397874','4154875116','415955736','Bullworth Academy','Freshman',2021,'4.5','Expelled',579138,91318801,91318802,693673),(922749,'Hal','V','Hunter','804142@email.edu','4159946165','4155143479','4151145937','Blackwell Academy','Sophomore',2023,'0.83','Graduated',218405,92274901,92274902,643548),(929894,'Frank','T','Ling','442523@email.edu','4154015168','4157687177','4154478119','Bullworth Academy','Freshman',2023,'0.1','Enrolled',284312,92989401,92989402,643548),(953896,'Naomi','Y','Emmerich','550640@email.edu','415659642','4158268460','4153611027','Shujin Academy','Junior',2021,'3.46','Graduated',847334,95389601,95389602,903928),(953932,'Mei','C','Emmerich','448501@email.edu','4158510237','4156116937','4158766731','Shujin Academy','Junior',2023,'2.52','Expelled',896834,95393201,95393202,503337),(961543,'Hal','K','Ling','820682@email.edu','415746078','415952754','4154690805','Blackwell Academy','Senior',2022,'5.72','Graduated',787787,96154301,96154302,392261),(976481,'Johnny','N','Hunter','224003@email.edu','4158737238','4155984709','4159835118','Bullworth Academy','Junior',2023,'4.98','Enrolled',537120,97648101,97648102,389226),(999510,'George','A','Jaeger','668601@email.edu','4154925658','415597041','4159683045','Shujin Academy','Freshman',2024,'1.84','Graduated',615300,99951001,99951002,693673);
/*!40000 ALTER TABLE `students` ENABLE KEYS */;
UNLOCK TABLES;

--
-- Table structure for table `user`
--

DROP TABLE IF EXISTS `user`;
/*!40101 SET @saved_cs_client     = @@character_set_client */;
/*!50503 SET character_set_client = utf8mb4 */;
CREATE TABLE `user` (
  `id` int NOT NULL AUTO_INCREMENT,
  `authorization` int NOT NULL,
  `ucsf_da_id` int NOT NULL,
  `username` varchar(45) NOT NULL,
  `password` varchar(60) NOT NULL,
  PRIMARY KEY (`id`),
  UNIQUE KEY `id` (`id`),
  UNIQUE KEY `ucsf_da_id` (`ucsf_da_id`),
  UNIQUE KEY `username` (`username`)
) ENGINE=InnoDB AUTO_INCREMENT=4 DEFAULT CHARSET=utf8mb4 COLLATE=utf8mb4_0900_ai_ci;
/*!40101 SET character_set_client = @saved_cs_client */;

--
-- Dumping data for table `user`
--

LOCK TABLES `user` WRITE;
/*!40000 ALTER TABLE `user` DISABLE KEYS */;
INSERT INTO `user` VALUES (1,0,123456,'merricat','$2b$12$lef.GfjCMNlef5ZcLqczL.638GaXimp3OelZvO.Kf1O1oXsmZ/9q6'),(2,3,789101,'wallace','$2b$12$XSNcJYzWLE2tLN1YpOxPLuWdbGnAaeJSqfu/VYLmoTPKoS0AWbe1S'),(3,2,234567,'sula','$2b$12$sZQpvobjs2rIb6IJNb4DLOkBCORbjOWH7Mbm/xay.KrOryIdZ2ptu');
/*!40000 ALTER TABLE `user` ENABLE KEYS */;
UNLOCK TABLES;
/*!40103 SET TIME_ZONE=@OLD_TIME_ZONE */;

/*!40101 SET SQL_MODE=@OLD_SQL_MODE */;
/*!40014 SET FOREIGN_KEY_CHECKS=@OLD_FOREIGN_KEY_CHECKS */;
/*!40014 SET UNIQUE_CHECKS=@OLD_UNIQUE_CHECKS */;
/*!40101 SET CHARACTER_SET_CLIENT=@OLD_CHARACTER_SET_CLIENT */;
/*!40101 SET CHARACTER_SET_RESULTS=@OLD_CHARACTER_SET_RESULTS */;
/*!40101 SET COLLATION_CONNECTION=@OLD_COLLATION_CONNECTION */;
/*!40111 SET SQL_NOTES=@OLD_SQL_NOTES */;

-- Dump completed on 2020-06-04 14:20:53
