-- MySQL dump 10.13  Distrib 8.0.20, for Win64 (x86_64)
--
-- Host: localhost    Database: ucsfda
-- ------------------------------------------------------
-- Server version	8.0.20

/*!40101 SET @OLD_CHARACTER_SET_CLIENT=@@CHARACTER_SET_CLIENT */;
/*!40101 SET @OLD_CHARACTER_SET_RESULTS=@@CHARACTER_SET_RESULTS */;
/*!40101 SET @OLD_COLLATION_CONNECTION=@@COLLATION_CONNECTION */;
/*!50503 SET NAMES utf8mb4 */;
/*!40103 SET @OLD_TIME_ZONE=@@TIME_ZONE */;
/*!40103 SET TIME_ZONE='+00:00' */;
/*!40014 SET @OLD_UNIQUE_CHECKS=@@UNIQUE_CHECKS, UNIQUE_CHECKS=0 */;
/*!40014 SET @OLD_FOREIGN_KEY_CHECKS=@@FOREIGN_KEY_CHECKS, FOREIGN_KEY_CHECKS=0 */;
/*!40101 SET @OLD_SQL_MODE=@@SQL_MODE, SQL_MODE='NO_AUTO_VALUE_ON_ZERO' */;
/*!40111 SET @OLD_SQL_NOTES=@@SQL_NOTES, SQL_NOTES=0 */;

--
-- Table structure for table `admins`
--

DROP TABLE IF EXISTS `admins`;
/*!40101 SET @saved_cs_client     = @@character_set_client */;
/*!50503 SET character_set_client = utf8mb4 */;
CREATE TABLE `admins` (
  `id` int NOT NULL,
  `first_name` varchar(64) DEFAULT NULL,
  `middle_name` varchar(64) DEFAULT NULL,
  `last_name` varchar(64) DEFAULT NULL,
  `email` varchar(128) DEFAULT NULL,
  `cell_phone` varchar(10) DEFAULT NULL,
  `work_phone` varchar(10) DEFAULT NULL,
  `home_phone` varchar(10) DEFAULT NULL,
  PRIMARY KEY (`id`),
  UNIQUE KEY `id` (`id`),
  UNIQUE KEY `email` (`email`),
  UNIQUE KEY `cell_phone` (`cell_phone`),
  UNIQUE KEY `work_phone` (`work_phone`),
  UNIQUE KEY `home_phone` (`home_phone`)
) ENGINE=InnoDB DEFAULT CHARSET=utf8mb4 COLLATE=utf8mb4_0900_ai_ci;
/*!40101 SET character_set_client = @saved_cs_client */;

--
-- Dumping data for table `admins`
--

LOCK TABLES `admins` WRITE;
/*!40000 ALTER TABLE `admins` DISABLE KEYS */;
INSERT INTO `admins` VALUES (215313,'Meryl','M','Hunter','822973@email.edu','4157205716','4157148977','4152129500'),(579911,'Frank','A','Sears','561414@email.edu','4158962657','4155812689','415780913'),(848033,'Hal','T','Hunter','564702@email.edu','4154075174','4156301310','4155535321');
/*!40000 ALTER TABLE `admins` ENABLE KEYS */;
UNLOCK TABLES;

--
-- Table structure for table `advisors`
--

DROP TABLE IF EXISTS `advisors`;
/*!40101 SET @saved_cs_client     = @@character_set_client */;
/*!50503 SET character_set_client = utf8mb4 */;
CREATE TABLE `advisors` (
  `id` int NOT NULL,
  `first_name` varchar(64) DEFAULT NULL,
  `middle_name` varchar(64) DEFAULT NULL,
  `last_name` varchar(64) DEFAULT NULL,
  `email` varchar(128) DEFAULT NULL,
  `cell_phone` varchar(10) DEFAULT NULL,
  `work_phone` varchar(10) DEFAULT NULL,
  `home_phone` varchar(10) DEFAULT NULL,
  `school` varchar(64) DEFAULT NULL,
  PRIMARY KEY (`id`),
  UNIQUE KEY `id` (`id`),
  UNIQUE KEY `email` (`email`),
  UNIQUE KEY `cell_phone` (`cell_phone`),
  UNIQUE KEY `work_phone` (`work_phone`),
  UNIQUE KEY `home_phone` (`home_phone`)
) ENGINE=InnoDB DEFAULT CHARSET=utf8mb4 COLLATE=utf8mb4_0900_ai_ci;
/*!40101 SET character_set_client = @saved_cs_client */;

--
-- Dumping data for table `advisors`
--

LOCK TABLES `advisors` WRITE;
/*!40000 ALTER TABLE `advisors` DISABLE KEYS */;
INSERT INTO `advisors` VALUES (157516,'Johnny','I','Emmerich','842293@email.edu','4159240157','4159067028','4158759149','Bullworth Academy'),(179161,'Donald','Z','Emmerich','595157@email.edu','4153596979','4157995275','4153511645','Blackwell Academy'),(188149,'Roy','O','Silverburgh','774225@email.edu','4153688159','4152332041','4158394053','Bullworth Academy'),(207127,'Roy','B','Silverburgh','531800@email.edu','415548454','4155301704','4157588020','Blackwell Academy'),(270806,'Mei','S','Anderson','575752@email.edu','4155823149','415868398','4154699196','Bullworth Academy'),(331108,'Roy','L','Sears','499014@email.edu','4157073117','4158360164','4152879235','Shujin Academy'),(437290,'Frank','I','Sears','883413@email.edu','4153659679','4154878307','4152415157','Shujin Academy'),(550533,'Naomi','S','Anderson','830956@email.edu','4157865703','4156667280','4158650421','Shujin Academy'),(580416,'Meryl','C','Silverburgh','601618@email.edu','4154077245','4152319596','4159893251','Bullworth Academy'),(610086,'Roy','X','Ling','271112@email.edu','4159092929','4156637335','4154777797','Shujin Academy'),(695661,'Frank','M','Ling','421976@email.edu','4156772258','4153512913','4158227095','Blackwell Academy'),(698087,'Mei','M','Jaeger','319276@email.edu','4152540387','4156903771','4159299161','Shujin Academy'),(724531,'Frank','M','Sears','538135@email.edu','4158256975','4157244549','4158545285','Bullworth Academy'),(741062,'Meryl','K','Emmerich','831982@email.edu','4153476074','4156580504','4157415669','Shujin Academy'),(756909,'Meryl','B','Sears','233569@email.edu','4155863194','4159765739','4155364991','Bullworth Academy'),(772423,'Johnny','U','Silverburgh','316725@email.edu','4156127957','4152882612','4157610000','Blackwell Academy'),(783078,'Frank','M','Silverburgh','601487@email.edu','41592042','4155659686','4157376494','Bullworth Academy'),(925283,'Donald','T','Silverburgh','902083@email.edu','4156571079','4158441449','4155354850','Shujin Academy'),(925286,'Johnny','C','Anderson','397625@email.edu','4156971645','4159034855','4159265461','Bullworth Academy'),(990786,'Hal','A','Campbell','441280@email.edu','4156113689','4157385686','4154760843','Shujin Academy');
/*!40000 ALTER TABLE `advisors` ENABLE KEYS */;
UNLOCK TABLES;

--
-- Table structure for table `parents`
--

DROP TABLE IF EXISTS `parents`;
/*!40101 SET @saved_cs_client     = @@character_set_client */;
/*!50503 SET character_set_client = utf8mb4 */;
CREATE TABLE `parents` (
  `id` int NOT NULL,
  `first_name` varchar(64) DEFAULT NULL,
  `middle_name` varchar(64) DEFAULT NULL,
  `last_name` varchar(64) DEFAULT NULL,
  `email` varchar(128) DEFAULT NULL,
  `cell_phone` varchar(10) DEFAULT NULL,
  `work_phone` varchar(10) DEFAULT NULL,
  `home_phone` varchar(10) DEFAULT NULL,
  `student_id` int DEFAULT NULL,
  PRIMARY KEY (`id`),
  UNIQUE KEY `id` (`id`),
  UNIQUE KEY `email` (`email`),
  UNIQUE KEY `cell_phone` (`cell_phone`),
  UNIQUE KEY `work_phone` (`work_phone`),
  UNIQUE KEY `home_phone` (`home_phone`)
) ENGINE=InnoDB DEFAULT CHARSET=utf8mb4 COLLATE=utf8mb4_0900_ai_ci;
/*!40101 SET character_set_client = @saved_cs_client */;

--
-- Dumping data for table `parents`
--

LOCK TABLES `parents` WRITE;
/*!40000 ALTER TABLE `parents` DISABLE KEYS */;
INSERT INTO `parents` VALUES (10310601,'Johnny','Y','Anderson','271302@email.edu','4157605938','4154658814','4156439011',103106),(10310602,'Hal','I','Anderson','249088@email.edu','4152231502','4152086307','4152246537',103106),(11533601,'Donald','N','Jaeger','203470@email.edu','4151700367','4151146547','4156457520',115336),(11533602,'Mei','J','Silverburgh','313437@email.edu','415482502','4153631414','4158102488',115336),(11856601,'Roy','G','Jaeger','163754@email.edu','4159291280','4154146547','4159195485',118566),(11856602,'Naomi','E','Sears','922086@email.edu','4154882827','415294187','41535774',118566),(12086401,'Donald','L','Sears','632302@email.edu','4159455324','4153098217','415361032',120864),(12086402,'Frank','B','Anderson','775161@email.edu','4156330719','4158995876','4157904716',120864),(12307101,'Frank','A','Anderson','254428@email.edu','4153734561','4156013333','4159322239',123071),(12307102,'Roy','G','Campbell','490269@email.edu','415159507','4153918385','415650993',123071),(13951401,'Donald','T','Ling','563454@email.edu','4151287099','4155435319','4157410895',139514),(13951402,'Roy','K','Campbell','186173@email.edu','4154363967','4158506178','4158622532',139514),(15488901,'Naomi','R','Sears','423965@email.edu','4155143704','4159023098','4151296316',154889),(15488902,'Frank','O','Hunter','765193@email.edu','4155047883','4153364015','415904512',154889),(16480401,'Frank','O','Sears','332076@email.edu','4151373327','4152783653','4154501262',164804),(16480402,'Hal','O','Silverburgh','722052@email.edu','4151477796','415333496','415919404',164804),(16576601,'Frank','W','Ling','362275@email.edu','4152571822','4151907266','4156998347',165766),(16576602,'Roy','L','Anderson','970402@email.edu','4151498235','4153958847','4158344328',165766),(17182001,'Hal','J','Jaeger','158566@email.edu','4156841145','4159196845','4154100889',171820),(17182002,'Meryl','G','Jaeger','878987@email.edu','4153498551','4158402642','4158008312',171820),(17304601,'Hal','P','Sasaki','329727@email.edu','4153071520','4154682106','4158976237',173046),(17304602,'George','U','Jaeger','295453@email.edu','4151117596','4155080224','4157869096',173046),(17737801,'Naomi','R','Ling','615591@email.edu','4153216868','4155015422','4156693777',177378),(17737802,'Mei','U','Hunter','650585@email.edu','4154888746','4153296265','4154984913',177378),(18981601,'Naomi','Q','Campbell','899784@email.edu','4151140973','4152752875','4159065766',189816),(18981602,'Meryl','Y','Sears','757761@email.edu','4153301526','415260737','4153364126',189816),(19045201,'Naomi','K','Silverburgh','215492@email.edu','4158815590','4155067920','4154817723',190452),(19045202,'Mei','L','Campbell','974280@email.edu','4158286858','4157434986','4157434541',190452),(20568301,'Naomi','R','Jaeger','617234@email.edu','4158566564','4155223315','415782671',205683),(20568302,'Johnny','H','Sasaki','298523@email.edu','4159378281','4156375369','4151957701',205683),(22166501,'George','M','Emmerich','779991@email.edu','415730174','4158100915','4153612285',221665),(22166502,'Naomi','Q','Campbell','634613@email.edu','4154620026','4158902703','415456111',221665),(22526901,'Frank','V','Campbell','352891@email.edu','4158125779','4157082530','4153716862',225269),(22526902,'Frank','K','Jaeger','799952@email.edu','4151565670','4159325260','4153152920',225269),(23579601,'Meryl','A','Sasaki','763815@email.edu','4153210310','4151054476','4154733414',235796),(23579602,'George','L','Sasaki','246823@email.edu','4152651014','415974785','4157629972',235796),(24328601,'Meryl','G','Anderson','545851@email.edu','4156664985','4157049347','4155003045',243286),(24328602,'Hal','W','Anderson','490320@email.edu','4153993115','415533181','4151056097',243286),(24742501,'Frank','C','Campbell','748838@email.edu','4151554066','4154427897','4159467754',247425),(24742502,'Meryl','V','Hunter','577678@email.edu','4152847970','4155251627','4159507248',247425),(25994301,'Meryl','X','Campbell','201781@email.edu','4156210576','4152518243','4152347192',259943),(25994302,'Naomi','U','Hunter','117234@email.edu','4152541163','4158882710','4155962257',259943),(28067901,'Naomi','D','Campbell','816485@email.edu','4153707705','4153500310','4154170713',280679),(28067902,'Hal','R','Anderson','463958@email.edu','4154556109','4152907402','4157266011',280679),(29866301,'Meryl','U','Emmerich','616706@email.edu','4158222555','4159968142','4152817015',298663),(29866302,'Mei','H','Sears','251891@email.edu','415166078','4158861269','4157190474',298663),(32185601,'George','U','Sasaki','230194@email.edu','4153074958','4152805652','4153436178',321856),(32185602,'Mei','G','Sasaki','919311@email.edu','4156645824','4152794793','4151849614',321856),(33940601,'Naomi','I','Hunter','813054@email.edu','4155186753','4151553209','4152577831',339406),(33940602,'Hal','M','Sears','417682@email.edu','4154901043','4154092','4154846529',339406),(35094201,'Roy','F','Campbell','178170@email.edu','4153800378','4154042852','4158698950',350942),(35094202,'Frank','W','Emmerich','267361@email.edu','415661642','4153749956','4156215723',350942),(36573101,'Roy','S','Campbell','688648@email.edu','415160456','4153097061','4154234291',365731),(36573102,'George','G','Silverburgh','136061@email.edu','4151387655','4153019349','4159467999',365731),(37920101,'Frank','Y','Ling','957036@email.edu','4151073858','415356112','4152415326',379201),(37920102,'George','X','Ling','710089@email.edu','4158507385','415644875','4151989157',379201),(38742701,'Donald','G','Anderson','908509@email.edu','4152772525','4159950602','4155526797',387427),(38742702,'Hal','N','Anderson','694555@email.edu','415440005','415347770','4157421744',387427),(40884401,'Mei','Y','Ling','868143@email.edu','4154863214','4158907018','4159989632',408844),(40884402,'Frank','S','Hunter','291321@email.edu','4159644786','4155205114','4156496943',408844),(42868301,'Hal','F','Silverburgh','569197@email.edu','415194035','4157809567','4159541914',428683),(42868302,'George','F','Sasaki','515427@email.edu','4159622820','4155628713','4155827311',428683),(42923701,'Frank','C','Ling','564103@email.edu','4151621001','4153213184','4157866176',429237),(42923702,'Meryl','R','Campbell','824166@email.edu','415199449','4154874527','4158588432',429237),(43555801,'Frank','A','Sasaki','957278@email.edu','415560852','4153887401','4152694520',435558),(43555802,'Meryl','Y','Ling','209213@email.edu','4158059111','4156119979','4153531262',435558),(47501701,'Naomi','P','Sasaki','635633@email.edu','4154101472','4155268105','4159249277',475017),(47501702,'Naomi','Y','Ling','743903@email.edu','4153788807','4151714069','4158463507',475017),(47898001,'Johnny','X','Campbell','995734@email.edu','4151472182','4156302652','4155163028',478980),(47898002,'Johnny','V','Sasaki','231090@email.edu','4156041042','4159295400','4155200802',478980),(47972601,'Roy','K','Anderson','731384@email.edu','4158907455','4152527585','415415296',479726),(47972602,'Hal','U','Hunter','510852@email.edu','4155380934','4155909685','4157872022',479726),(49421201,'George','R','Sasaki','611710@email.edu','4151845146','4156720220','4156883398',494212),(49421202,'Frank','S','Emmerich','869051@email.edu','4158627443','4157171872','41581968',494212),(49456701,'Hal','I','Sears','532386@email.edu','4156333176','4158197197','4155471414',494567),(49456702,'Frank','Q','Hunter','361568@email.edu','415362372','4158262221','4152011574',494567),(51108601,'Naomi','W','Sasaki','573603@email.edu','415517554','4154271610','4159351138',511086),(51108602,'Donald','Z','Emmerich','658246@email.edu','4154430670','4152405085','4158821800',511086),(51520701,'Frank','J','Jaeger','492204@email.edu','4156028212','4156368390','4156906818',515207),(51520702,'George','Y','Anderson','356047@email.edu','4156847648','4159682322','4152114409',515207),(52904401,'Hal','N','Campbell','946120@email.edu','4152554044','4152973445','4155988094',529044),(52904402,'Donald','U','Hunter','730715@email.edu','4153389188','4158020591','4158372070',529044),(53528401,'Frank','N','Anderson','223725@email.edu','4155830537','4158660633','4156892861',535284),(53528402,'Naomi','K','Emmerich','629758@email.edu','4159574638','4151582457','415736627',535284),(54784101,'Frank','I','Ling','761197@email.edu','4152516174','4155453610','4159498448',547841),(54784102,'Naomi','O','Ling','894697@email.edu','415581434','4159104811','4152372414',547841),(54927001,'Frank','D','Anderson','447595@email.edu','4157456556','4154887335','4152121045',549270),(54927002,'Naomi','U','Emmerich','502072@email.edu','4153428696','4153580410','4153482341',549270),(55210301,'Meryl','R','Sasaki','471821@email.edu','4153946586','4158916242','4156670781',552103),(55210302,'Naomi','W','Sasaki','875250@email.edu','4152283120','4159245680','4152616480',552103),(55329901,'Mei','X','Sears','514206@email.edu','4155355877','4152716976','4159242784',553299),(55329902,'Naomi','E','Emmerich','741165@email.edu','4154405760','4155280623','415972096',553299),(55547301,'Frank','A','Silverburgh','168657@email.edu','4156045970','4158997798','4156146981',555473),(55547302,'Roy','A','Sears','377355@email.edu','4152343192','4159291170','4159048361',555473),(56260601,'Mei','O','Jaeger','597202@email.edu','4156524784','4156722729','4154229042',562606),(56260602,'Meryl','P','Sasaki','403134@email.edu','4156388913','4158756068','4157705394',562606),(56760301,'Roy','P','Silverburgh','432106@email.edu','4159830826','4154855339','4158733981',567603),(56760302,'Donald','O','Sasaki','255440@email.edu','4156381764','4157374733','4157316163',567603),(57859001,'Mei','W','Jaeger','283052@email.edu','415897389','4157259713','4153317145',578590),(57859002,'Roy','F','Silverburgh','397050@email.edu','4156361751','4151326984','4155806992',578590),(59238001,'Roy','Z','Campbell','623185@email.edu','4158726954','4152546641','415434868',592380),(59238002,'Johnny','J','Ling','745355@email.edu','4152714100','4158841070','4157132342',592380),(60928201,'Meryl','U','Sears','112786@email.edu','4151586443','4152352941','4156170912',609282),(60928202,'Hal','L','Sears','113855@email.edu','4158253555','4158196792','4159008277',609282),(61915501,'Donald','J','Campbell','637798@email.edu','4157299872','4154068332','4157796818',619155),(61915502,'Johnny','P','Jaeger','894353@email.edu','4159504759','4158779564','4155642137',619155),(62556001,'Mei','D','Ling','543069@email.edu','4153952435','4157030794','4154267483',625560),(62556002,'Donald','V','Hunter','154636@email.edu','4155092315','4154049942','4155742801',625560),(62630801,'Naomi','W','Anderson','520851@email.edu','415745615','4155271558','4154650866',626308),(62630802,'Hal','A','Hunter','341347@email.edu','4155927906','415252027','4153234670',626308),(64359401,'Frank','Y','Emmerich','800259@email.edu','4151785573','4155697047','4157861715',643594),(64359402,'Frank','T','Campbell','162325@email.edu','4155557501','4155536263','4158528433',643594),(64566101,'Meryl','D','Jaeger','963751@email.edu','415873891','4155078900','4153881830',645661),(64566102,'Johnny','J','Hunter','177275@email.edu','4155902349','4159310540','4157475202',645661),(65045401,'Frank','E','Emmerich','376692@email.edu','4154953764','4151128549','4152043775',650454),(65045402,'Hal','X','Anderson','654716@email.edu','4158565149','4158916090','4159906985',650454),(66825401,'George','E','Campbell','696377@email.edu','4157702366','4151951912','4151253103',668254),(66825402,'Meryl','N','Silverburgh','162304@email.edu','4155987771','4158673803','4154517523',668254),(66989701,'Johnny','Q','Anderson','336671@email.edu','4159542666','4153143274','4153921376',669897),(66989702,'Roy','U','Ling','819410@email.edu','4158479238','4155072364','4153864299',669897),(68563701,'Roy','V','Silverburgh','709778@email.edu','4159828701','4154159805','4153164614',685637),(68563702,'Frank','A','Jaeger','382935@email.edu','4159273650','4155059916','4158483205',685637),(69627001,'Frank','J','Ling','794183@email.edu','4154678548','4156233242','4157670914',696270),(69627002,'Johnny','N','Sears','361955@email.edu','4152805827','4154030039','4152055397',696270),(73229301,'Mei','Y','Campbell','934460@email.edu','4153235943','4155030241','4157362640',732293),(73229302,'Donald','F','Sears','179852@email.edu','4159820964','4155497548','4155229739',732293),(73493601,'Frank','O','Ling','310071@email.edu','415918087','4153335930','4153335164',734936),(73493602,'George','M','Sears','817731@email.edu','4153202342','4154883400','4153973934',734936),(73697601,'Meryl','Q','Anderson','312688@email.edu','41522226','4153928421','4154558681',736976),(73697602,'Donald','T','Sears','663120@email.edu','4152782177','4152673330','4152086965',736976),(74218901,'Hal','T','Hunter','150619@email.edu','4155134752','415925453','4156071484',742189),(74218902,'George','J','Ling','374979@email.edu','4154896175','4154246053','4155051293',742189),(74924001,'Meryl','X','Campbell','582910@email.edu','4159792368','4154847635','4155811530',749240),(74924002,'Meryl','V','Sears','939865@email.edu','4156660728','4151064688','4153595398',749240),(75157701,'Donald','W','Emmerich','850955@email.edu','4156222826','4156572501','4154525322',751577),(75157702,'Mei','W','Sasaki','582397@email.edu','4156166312','4156092703','4151334530',751577),(76359001,'Johnny','E','Emmerich','699888@email.edu','4152615203','4151066180','4153559727',763590),(76359002,'Donald','C','Hunter','659712@email.edu','4157432246','415658321','4157855',763590),(77155401,'Meryl','H','Silverburgh','718267@email.edu','4158633704','4152348111','4156269191',771554),(77155402,'George','R','Campbell','549136@email.edu','4155896011','4153015312','4156623876',771554),(77462301,'Mei','D','Sears','647449@email.edu','4156418589','4153131507','4153244713',774623),(77462302,'Frank','B','Anderson','245983@email.edu','4153392836','4151711408','4152370239',774623),(79440601,'Mei','G','Hunter','335524@email.edu','4159700254','4157697397','4157319290',794406),(79440602,'Naomi','B','Sears','995420@email.edu','4159916837','4156525248','4156567080',794406),(80782301,'Frank','T','Campbell','304229@email.edu','4153684661','4159181282','4158775052',807823),(80782302,'George','I','Emmerich','711294@email.edu','4159768099','4157216176','4154970171',807823),(82727101,'Meryl','Z','Anderson','949710@email.edu','4155749738','4155402983','4152325659',827271),(82727102,'George','D','Anderson','620781@email.edu','4152588138','4156806796','4153384617',827271),(83074501,'Hal','F','Hunter','424633@email.edu','4154025439','4152027449','4156566060',830745),(83074502,'Roy','I','Hunter','394514@email.edu','4152413260','4156469711','4157995756',830745),(84050101,'Meryl','V','Sasaki','607550@email.edu','4156148408','4155519281','4151487674',840501),(84050102,'George','S','Emmerich','370869@email.edu','4155670092','4156302511','4152125513',840501),(84961001,'Hal','K','Emmerich','287323@email.edu','4153219676','4156036583','4155760287',849610),(84961002,'George','K','Jaeger','703027@email.edu','4152040765','4156291677','4159796346',849610),(85060501,'George','T','Sasaki','661166@email.edu','4155729690','4152804566','4153694427',850605),(85060502,'Mei','Z','Anderson','712336@email.edu','4151555710','4151278751','4158273454',850605),(85107501,'Roy','K','Sasaki','557403@email.edu','4153445121','4154512904','4153766313',851075),(85107502,'Meryl','M','Anderson','500535@email.edu','4156328431','4153250693','4154039466',851075),(86146801,'Frank','W','Hunter','552293@email.edu','4158216545','4159235399','4155079075',861468),(86146802,'Hal','L','Anderson','967984@email.edu','4155090230','415557181','4155581973',861468),(87845001,'Meryl','U','Jaeger','751867@email.edu','4154128210','415780496','4151024933',878450),(87845002,'Naomi','K','Anderson','461374@email.edu','4158939359','4151506009','4159142279',878450),(88281401,'Roy','R','Sasaki','954108@email.edu','4151879078','4154227433','4157695635',882814),(88281402,'Hal','S','Silverburgh','330393@email.edu','4158035503','4154241703','4153284708',882814),(89027701,'Naomi','R','Emmerich','795049@email.edu','4153091953','4151018516','415471129',890277),(89027702,'Meryl','Q','Anderson','221778@email.edu','4151277364','415989374','4155539358',890277),(89139901,'Donald','F','Campbell','200088@email.edu','4157584265','4156197033','4152415124',891399),(89139902,'Roy','Q','Emmerich','682022@email.edu','4156928076','4152808972','4151100415',891399),(91859801,'George','P','Campbell','272830@email.edu','4156611600','4159214698','4153185336',918598),(91859802,'Meryl','R','Ling','328385@email.edu','4151277468','415601189','4155141401',918598),(92063601,'George','V','Ling','114369@email.edu','4159603601','4152732012','4158184541',920636),(92063602,'Naomi','V','Campbell','268321@email.edu','4151028181','4154363721','4155696426',920636),(92881901,'George','P','Anderson','696585@email.edu','4151098556','4158414429','4154489942',928819),(92881902,'Donald','P','Emmerich','961284@email.edu','4159923233','4156163688','415210487',928819),(93217001,'George','P','Campbell','667711@email.edu','4158232128','415135956','4158650922',932170),(93217002,'Naomi','B','Silverburgh','781924@email.edu','4152054055','4151722001','4153293045',932170),(93467901,'Frank','M','Emmerich','699309@email.edu','4157523460','4159875238','4159442299',934679),(93467902,'Donald','D','Silverburgh','541608@email.edu','4151349196','4151450619','4155664865',934679),(93547201,'Hal','A','Anderson','827880@email.edu','4154297946','4151946287','415419852',935472),(93547202,'Naomi','N','Campbell','447826@email.edu','4156980227','4153515042','4152075398',935472),(93842601,'Roy','V','Jaeger','397952@email.edu','4159123977','4155856961','4158994471',938426),(93842602,'Roy','T','Ling','114176@email.edu','4153284247','4152402699','4157913769',938426),(93899201,'Frank','W','Ling','754972@email.edu','4154303149','4153902573','4159662919',938992),(93899202,'Roy','G','Sasaki','664952@email.edu','4156802191','4158686294','4152943406',938992),(94131001,'Naomi','A','Ling','992189@email.edu','4155660719','4155429635','4151288605',941310),(94131002,'Meryl','L','Silverburgh','135563@email.edu','4151210521','415862412','4157393559',941310),(94695101,'Donald','R','Emmerich','479051@email.edu','4157517992','4152663263','4153659867',946951),(94695102,'Donald','K','Sasaki','665564@email.edu','415406453','4153246289','4155275630',946951),(95188401,'Johnny','S','Jaeger','852186@email.edu','415635705','4152554571','4157870231',951884),(95188402,'Roy','H','Sasaki','708550@email.edu','4155744929','4153099235','4158549247',951884),(97520101,'Hal','A','Sears','893852@email.edu','4157411309','4158840736','415444608',975201),(97520102,'Naomi','B','Campbell','491239@email.edu','4151784702','4152670556','4152138086',975201),(97952901,'George','S','Emmerich','141848@email.edu','4158601701','4156705121','415512391',979529),(97952902,'George','P','Hunter','336322@email.edu','4155075511','4159832864','4159218604',979529),(98338701,'Frank','C','Sears','684972@email.edu','4152091846','4158563200','4157550943',983387),(98338702,'Mei','Z','Sears','750742@email.edu','4151323318','4155575803','4154092282',983387),(98867901,'Mei','K','Sasaki','928198@email.edu','415208104','4157351281','4153773345',988679),(98867902,'Meryl','N','Anderson','955028@email.edu','4155964796','4153137025','415516003',988679),(99571601,'Hal','C','Sasaki','922509@email.edu','415896759','4152428523','4159112020',995716),(99571602,'Roy','Q','Sears','736817@email.edu','4156181738','4159429069','4154777950',995716);
/*!40000 ALTER TABLE `parents` ENABLE KEYS */;
UNLOCK TABLES;

--
-- Table structure for table `students`
--

DROP TABLE IF EXISTS `students`;
/*!40101 SET @saved_cs_client     = @@character_set_client */;
/*!50503 SET character_set_client = utf8mb4 */;
CREATE TABLE `students` (
  `id` int NOT NULL,
  `first_name` varchar(64) DEFAULT NULL,
  `middle_name` varchar(64) DEFAULT NULL,
  `last_name` varchar(64) DEFAULT NULL,
  `email` varchar(128) DEFAULT NULL,
  `cell_phone` varchar(10) DEFAULT NULL,
  `work_phone` varchar(10) DEFAULT NULL,
  `home_phone` varchar(10) DEFAULT NULL,
  `school` varchar(64) DEFAULT NULL,
  `grade` varchar(16) DEFAULT NULL,
  `expected_grad` int DEFAULT NULL,
  `gpa` double(3,2) DEFAULT NULL,
  `program_status` varchar(16) DEFAULT NULL,
  `fmp_id` int DEFAULT NULL,
  `parent_1_id` int DEFAULT NULL,
  `parent_2_id` int DEFAULT NULL,
  `advisor_id` int DEFAULT NULL,
  PRIMARY KEY (`id`),
  UNIQUE KEY `id` (`id`),
  UNIQUE KEY `email` (`email`),
  UNIQUE KEY `cell_phone` (`cell_phone`),
  UNIQUE KEY `work_phone` (`work_phone`),
  UNIQUE KEY `home_phone` (`home_phone`),
  UNIQUE KEY `fmp_id` (`fmp_id`)
) ENGINE=InnoDB DEFAULT CHARSET=utf8mb4 COLLATE=utf8mb4_0900_ai_ci;
/*!40101 SET character_set_client = @saved_cs_client */;

--
-- Dumping data for table `students`
--

LOCK TABLES `students` WRITE;
/*!40000 ALTER TABLE `students` DISABLE KEYS */;
INSERT INTO `students` VALUES (103106,'Meryl','M','Campbell','751144@email.edu','4156359147','4156576278','4154331381','Shujin Academy','Sophomore',2023,5.75,'Enrolled',504742,10310601,10310602,925283),(115336,'Naomi','T','Jaeger','596443@email.edu','4158842482','4155233551','4155868654','Blackwell Academy','Freshman',2022,2.17,'Graduated',661450,11533601,11533602,437290),(118566,'Roy','W','Anderson','182688@email.edu','415214152','4153583330','4153017578','Bullworth Academy','Senior',2024,4.67,'Graduated',832024,11856601,11856602,270806),(120864,'Mei','H','Hunter','168120@email.edu','415737993','4152911904','4152098165','Bullworth Academy','Junior',2024,4.38,'Graduated',460932,12086401,12086402,550533),(123071,'Roy','Z','Anderson','361103@email.edu','415553792','4156690702','41560047','Blackwell Academy','Junior',2024,4.65,'Enrolled',920505,12307101,12307102,741062),(139514,'Mei','A','Jaeger','572446@email.edu','4156976799','4155122703','4157249144','Blackwell Academy','Freshman',2023,4.30,'Enrolled',785781,13951401,13951402,698087),(154889,'Mei','L','Emmerich','541017@email.edu','4155722195','4155637144','4156305386','Bullworth Academy','Sophomore',2023,2.21,'Enrolled',999931,15488901,15488902,610086),(164804,'Hal','O','Sears','796700@email.edu','4152867409','415163479','4157389169','Shujin Academy','Senior',2024,3.20,'Expelled',284541,16480401,16480402,157516),(165766,'Meryl','V','Campbell','982842@email.edu','4152982981','4157895222','4157813476','Blackwell Academy','Senior',2024,0.99,'Expelled',914481,16576601,16576602,580416),(171820,'Naomi','J','Emmerich','490113@email.edu','4154483237','4155934387','4154274109','Shujin Academy','Sophomore',2022,5.30,'Enrolled',564651,17182001,17182002,157516),(173046,'Mei','F','Silverburgh','714279@email.edu','4156528143','4153881540','4159161224','Bullworth Academy','Sophomore',2023,5.78,'Graduated',358736,17304601,17304602,179161),(177378,'Meryl','M','Sears','556366@email.edu','4153357860','4153267699','4156131717','Shujin Academy','Junior',2024,2.74,'Enrolled',666172,17737801,17737802,695661),(189816,'Johnny','V','Hunter','550202@email.edu','41514309','4154144135','4159081228','Blackwell Academy','Freshman',2021,3.53,'Enrolled',395111,18981601,18981602,550533),(190452,'Naomi','L','Emmerich','902928@email.edu','4157946136','4151154731','4156727871','Bullworth Academy','Junior',2023,5.33,'Graduated',894966,19045201,19045202,783078),(205683,'Frank','F','Hunter','720510@email.edu','4158819784','4154866129','4157378798','Bullworth Academy','Sophomore',2022,2.30,'Enrolled',118045,20568301,20568302,925286),(221665,'Donald','H','Sasaki','859261@email.edu','4156012197','4154414682','4151676826','Blackwell Academy','Freshman',2022,1.39,'Expelled',734938,22166501,22166502,179161),(225269,'Johnny','A','Anderson','177334@email.edu','4152270313','4151003842','4154047057','Shujin Academy','Sophomore',2022,1.35,'Enrolled',910925,22526901,22526902,157516),(235796,'Frank','I','Ling','865725@email.edu','4151381953','4158007185','4158897819','Blackwell Academy','Freshman',2022,0.68,'Enrolled',211856,23579601,23579602,437290),(243286,'Roy','J','Ling','136784@email.edu','4158177133','4157107192','4153152043','Shujin Academy','Sophomore',2022,3.23,'Enrolled',274851,24328601,24328602,925286),(247425,'Donald','E','Jaeger','579297@email.edu','415715437','4155853382','4157929394','Shujin Academy','Sophomore',2023,4.29,'Expelled',149750,24742501,24742502,580416),(259943,'Donald','G','Sasaki','879850@email.edu','4152376297','4153271885','4152388740','Shujin Academy','Freshman',2023,3.90,'Enrolled',596340,25994301,25994302,990786),(280679,'Donald','G','Campbell','346114@email.edu','4156219173','415592406','4153373201','Blackwell Academy','Junior',2021,4.80,'Enrolled',961564,28067901,28067902,925286),(298663,'Frank','L','Sasaki','386573@email.edu','4154376125','4159794262','4154464032','Bullworth Academy','Sophomore',2024,1.18,'Enrolled',435441,29866301,29866302,741062),(321856,'Naomi','F','Emmerich','476902@email.edu','4158851007','4159703170','4157187130','Shujin Academy','Senior',2023,0.89,'Enrolled',524916,32185601,32185602,550533),(339406,'Hal','F','Jaeger','450492@email.edu','4159948714','415745279','4157603795','Bullworth Academy','Senior',2024,0.74,'Expelled',182457,33940601,33940602,925286),(350942,'Donald','C','Anderson','371347@email.edu','4154305261','4156363371','4157409199','Shujin Academy','Senior',2023,1.77,'Expelled',964814,35094201,35094202,724531),(365731,'George','P','Silverburgh','955532@email.edu','415284891','4158987317','4155432524','Bullworth Academy','Sophomore',2021,4.50,'Expelled',519177,36573101,36573102,188149),(379201,'George','M','Silverburgh','681947@email.edu','4152596463','4157319014','4157882578','Blackwell Academy','Sophomore',2021,2.85,'Expelled',125788,37920101,37920102,724531),(387427,'George','Y','Sears','736624@email.edu','4154301781','4151179861','4156996816','Shujin Academy','Junior',2022,3.42,'Graduated',520338,38742701,38742702,550533),(408844,'Donald','T','Emmerich','625147@email.edu','4152582598','4158418455','415618353','Bullworth Academy','Junior',2023,3.24,'Graduated',475027,40884401,40884402,179161),(428683,'Mei','G','Emmerich','910318@email.edu','415218101','4157323824','4154176976','Shujin Academy','Freshman',2024,5.39,'Expelled',772975,42868301,42868302,179161),(429237,'Naomi','G','Sasaki','908715@email.edu','4151828106','4155873829','415886738','Shujin Academy','Sophomore',2023,1.68,'Expelled',488701,42923701,42923702,990786),(435558,'Naomi','G','Emmerich','688609@email.edu','4151153614','4152392341','415731904','Shujin Academy','Sophomore',2022,1.38,'Expelled',408005,43555801,43555802,207127),(475017,'Naomi','C','Ling','941170@email.edu','4152258546','4151480028','4151167254','Bullworth Academy','Freshman',2024,5.92,'Expelled',452653,47501701,47501702,270806),(478980,'Donald','N','Campbell','717969@email.edu','4152710509','4157878952','4159614357','Shujin Academy','Senior',2021,4.40,'Expelled',220947,47898001,47898002,179161),(479726,'Frank','C','Ling','660269@email.edu','4156707187','4151951422','4156113391','Bullworth Academy','Senior',2023,4.43,'Graduated',823918,47972601,47972602,580416),(494212,'Frank','R','Sears','401811@email.edu','415558608','4153324486','4153023534','Blackwell Academy','Senior',2021,4.80,'Enrolled',336240,49421201,49421202,157516),(494567,'Meryl','O','Sears','781538@email.edu','4157500580','4153222062','4156302840','Shujin Academy','Freshman',2021,5.41,'Enrolled',166087,49456701,49456702,783078),(511086,'Meryl','I','Campbell','605667@email.edu','4151433103','4151738553','4154847673','Shujin Academy','Freshman',2024,1.36,'Enrolled',477800,51108601,51108602,610086),(515207,'Naomi','K','Campbell','383292@email.edu','4157839287','4153371376','4151701071','Shujin Academy','Senior',2022,5.13,'Enrolled',920097,51520701,51520702,756909),(529044,'Donald','T','Silverburgh','404786@email.edu','4159274751','4159497333','4153969065','Blackwell Academy','Freshman',2021,4.51,'Enrolled',975844,52904401,52904402,783078),(535284,'Mei','F','Anderson','582321@email.edu','415972752','4156453294','4159383458','Blackwell Academy','Freshman',2024,3.50,'Graduated',105681,53528401,53528402,157516),(547841,'Johnny','V','Ling','650262@email.edu','4152667746','4158091196','4154034405','Shujin Academy','Junior',2022,2.40,'Enrolled',266648,54784101,54784102,331108),(549270,'Naomi','N','Ling','592332@email.edu','4153636472','4156504603','4154343745','Bullworth Academy','Senior',2023,4.52,'Graduated',693940,54927001,54927002,698087),(552103,'George','Z','Hunter','622369@email.edu','4154403407','4157594316','4152147652','Shujin Academy','Junior',2023,0.53,'Graduated',486775,55210301,55210302,695661),(553299,'Hal','H','Sasaki','437384@email.edu','4153691456','4156035821','4157433019','Shujin Academy','Junior',2024,0.44,'Expelled',660767,55329901,55329902,437290),(555473,'Hal','K','Campbell','799716@email.edu','4154925251','4153501986','4152295798','Shujin Academy','Sophomore',2021,0.30,'Enrolled',772710,55547301,55547302,698087),(562606,'Naomi','T','Sasaki','604432@email.edu','4157077270','4158907887','4159584739','Blackwell Academy','Junior',2021,1.48,'Graduated',298219,56260601,56260602,270806),(567603,'Mei','J','Silverburgh','166006@email.edu','4155488030','4159323477','4156555930','Shujin Academy','Sophomore',2023,5.68,'Expelled',835039,56760301,56760302,580416),(578590,'Naomi','P','Jaeger','587576@email.edu','4153316763','4158833398','4154253220','Shujin Academy','Junior',2024,0.60,'Expelled',755153,57859001,57859002,724531),(592380,'Donald','L','Anderson','693120@email.edu','4155015095','4153886588','4151643603','Blackwell Academy','Junior',2021,3.86,'Graduated',522206,59238001,59238002,925286),(609282,'Meryl','Z','Emmerich','155077@email.edu','4151742684','4153403863','4155086911','Bullworth Academy','Freshman',2023,3.70,'Enrolled',244779,60928201,60928202,550533),(619155,'Donald','G','Silverburgh','762792@email.edu','4156378629','4156906359','4153907276','Shujin Academy','Sophomore',2021,0.50,'Graduated',544857,61915501,61915502,741062),(625560,'Meryl','Y','Sasaki','363656@email.edu','4152104814','4156542874','4153444519','Blackwell Academy','Senior',2024,4.22,'Expelled',347812,62556001,62556002,756909),(626308,'Johnny','V','Sasaki','564459@email.edu','4152982667','4155873614','4157038328','Bullworth Academy','Senior',2023,1.20,'Graduated',746164,62630801,62630802,610086),(643594,'Donald','P','Emmerich','208729@email.edu','4152820288','4156149354','4159890547','Bullworth Academy','Sophomore',2023,1.94,'Graduated',902247,64359401,64359402,207127),(645661,'George','B','Silverburgh','793240@email.edu','4151983264','4156716140','4158696662','Bullworth Academy','Freshman',2021,3.88,'Enrolled',315601,64566101,64566102,772423),(650454,'Donald','D','Hunter','952504@email.edu','4153670137','4154949382','415270222','Blackwell Academy','Senior',2024,0.62,'Expelled',253151,65045401,65045402,695661),(668254,'Hal','F','Hunter','715965@email.edu','415919575','4152904068','4152063338','Shujin Academy','Senior',2024,5.55,'Enrolled',347628,66825401,66825402,698087),(669897,'Frank','B','Emmerich','905631@email.edu','4156812082','4152396387','4157012694','Bullworth Academy','Freshman',2022,0.58,'Graduated',354820,66989701,66989702,580416),(685637,'Mei','M','Ling','967465@email.edu','4159774296','4152753023','4151231805','Shujin Academy','Sophomore',2021,3.16,'Enrolled',285649,68563701,68563702,188149),(696270,'Frank','Q','Ling','429069@email.edu','4156248005','4156396491','4156526324','Shujin Academy','Junior',2023,3.25,'Enrolled',806221,69627001,69627002,270806),(732293,'Roy','S','Sears','349438@email.edu','415497339','4157036782','4155198045','Shujin Academy','Junior',2021,4.00,'Graduated',989501,73229301,73229302,741062),(734936,'Donald','I','Emmerich','231987@email.edu','4159482687','4158525052','4154767635','Shujin Academy','Junior',2023,3.37,'Enrolled',461378,73493601,73493602,550533),(736976,'Frank','V','Sears','333205@email.edu','4154925195','4158892103','4157461290','Shujin Academy','Freshman',2021,0.27,'Enrolled',623698,73697601,73697602,179161),(742189,'Donald','U','Anderson','384915@email.edu','4158417139','4156799384','4153101559','Blackwell Academy','Sophomore',2022,4.26,'Enrolled',895583,74218901,74218902,925283),(749240,'Hal','B','Jaeger','462884@email.edu','4153152948','4151017451','4153990079','Blackwell Academy','Freshman',2024,0.52,'Graduated',831307,74924001,74924002,990786),(751577,'Donald','F','Sears','462182@email.edu','4158276193','4157835513','4156972398','Blackwell Academy','Freshman',2021,4.40,'Enrolled',498415,75157701,75157702,157516),(763590,'Mei','O','Sears','598138@email.edu','4158183462','4153007154','4158119690','Bullworth Academy','Sophomore',2022,3.90,'Enrolled',280712,76359001,76359002,741062),(771554,'Hal','A','Sasaki','243915@email.edu','4152456108','4154499665','415752269','Blackwell Academy','Junior',2022,0.46,'Graduated',185980,77155401,77155402,188149),(774623,'Naomi','Q','Ling','944073@email.edu','4156448640','4152718947','4157660965','Shujin Academy','Senior',2024,0.85,'Enrolled',132747,77462301,77462302,724531),(794406,'Frank','R','Hunter','695620@email.edu','4156333548','4153073984','4157926713','Bullworth Academy','Freshman',2024,2.90,'Expelled',130467,79440601,79440602,207127),(807823,'Hal','T','Hunter','464468@email.edu','4151026845','4154905635','4159018995','Blackwell Academy','Senior',2022,1.15,'Graduated',633306,80782301,80782302,580416),(827271,'Donald','C','Silverburgh','548177@email.edu','4158036194','4159358749','4154917547','Bullworth Academy','Senior',2024,2.38,'Expelled',338352,82727101,82727102,695661),(830745,'Roy','Q','Hunter','604858@email.edu','4151124586','4155727025','4156992764','Blackwell Academy','Senior',2021,1.58,'Graduated',518449,83074501,83074502,698087),(840501,'Mei','B','Campbell','230503@email.edu','4156768809','415363654','4152581043','Shujin Academy','Junior',2024,1.74,'Enrolled',624951,84050101,84050102,772423),(849610,'George','G','Jaeger','493343@email.edu','4155458087','415994974','4159088580','Bullworth Academy','Senior',2023,2.81,'Graduated',808001,84961001,84961002,331108),(850605,'Hal','P','Ling','894620@email.edu','4151915960','4154836963','4151925375','Shujin Academy','Senior',2021,0.63,'Graduated',303477,85060501,85060502,756909),(851075,'Mei','I','Anderson','959887@email.edu','4158041812','4159762653','4152804004','Blackwell Academy','Freshman',2021,4.68,'Enrolled',433941,85107501,85107502,990786),(861468,'Hal','H','Anderson','309816@email.edu','4159288482','415285128','4158555976','Blackwell Academy','Senior',2024,2.49,'Graduated',535482,86146801,86146802,207127),(878450,'Donald','I','Jaeger','650058@email.edu','4151109456','4155870536','4151180181','Blackwell Academy','Junior',2021,3.12,'Enrolled',166959,87845001,87845002,610086),(882814,'Donald','G','Sears','426507@email.edu','4159004423','4152901395','4152755624','Bullworth Academy','Freshman',2021,3.32,'Graduated',317527,88281401,88281402,331108),(890277,'Hal','F','Hunter','129537@email.edu','4153725026','4156583613','4159855487','Shujin Academy','Sophomore',2021,0.59,'Expelled',352739,89027701,89027702,783078),(891399,'Naomi','A','Silverburgh','809130@email.edu','415261097','4159073108','4158834404','Blackwell Academy','Sophomore',2021,3.80,'Graduated',987178,89139901,89139902,157516),(918598,'Frank','C','Ling','331881@email.edu','4156826630','4152970782','4156895000','Blackwell Academy','Senior',2021,4.19,'Graduated',956127,91859801,91859802,580416),(920636,'Johnny','Z','Campbell','828224@email.edu','4155589766','4154324253','415344984','Bullworth Academy','Sophomore',2021,1.91,'Graduated',986214,92063601,92063602,783078),(928819,'Donald','K','Campbell','484543@email.edu','415479351','415646462','4156777804','Shujin Academy','Sophomore',2021,2.30,'Expelled',287247,92881901,92881902,724531),(932170,'Frank','W','Anderson','663412@email.edu','4155886215','4152194087','4156534861','Blackwell Academy','Freshman',2023,0.70,'Graduated',243595,93217001,93217002,741062),(934679,'Johnny','D','Hunter','602770@email.edu','4152646705','4156605955','4155279675','Shujin Academy','Senior',2024,5.54,'Expelled',988831,93467901,93467902,550533),(935472,'Meryl','S','Hunter','170147@email.edu','415578269','4158892099','415378847','Blackwell Academy','Freshman',2024,4.24,'Expelled',255923,93547201,93547202,270806),(938426,'Donald','A','Jaeger','226134@email.edu','4154472695','4151816800','4154776608','Blackwell Academy','Junior',2021,5.62,'Enrolled',552196,93842601,93842602,925283),(938992,'Meryl','Z','Anderson','397935@email.edu','4154712537','4155176393','4155116726','Blackwell Academy','Junior',2024,3.14,'Expelled',172152,93899201,93899202,698087),(941310,'Naomi','K','Anderson','499105@email.edu','4151908566','4153473530','4154868642','Shujin Academy','Senior',2023,2.27,'Expelled',629403,94131001,94131002,925283),(946951,'Frank','D','Hunter','287255@email.edu','4155518807','4152200016','4156668363','Shujin Academy','Junior',2024,2.90,'Expelled',385583,94695101,94695102,437290),(951884,'Johnny','D','Sasaki','178524@email.edu','415308526','4154848313','4157021294','Bullworth Academy','Freshman',2024,4.68,'Expelled',309583,95188401,95188402,188149),(975201,'Roy','L','Sears','184268@email.edu','4152904984','4151717707','4155856787','Bullworth Academy','Sophomore',2021,5.79,'Graduated',163631,97520101,97520102,925283),(979529,'Johnny','A','Ling','533540@email.edu','4151969678','4156343278','4157550341','Bullworth Academy','Sophomore',2022,1.75,'Graduated',771348,97952901,97952902,741062),(983387,'Roy','S','Hunter','797255@email.edu','4156208433','4154627972','4152687185','Shujin Academy','Junior',2024,1.56,'Graduated',382302,98338701,98338702,756909),(988679,'Mei','R','Ling','647235@email.edu','4154346844','4157021680','4159868359','Shujin Academy','Senior',2023,1.54,'Graduated',532257,98867901,98867902,207127),(995716,'Meryl','D','Anderson','545802@email.edu','4158164254','4152615645','4156851403','Blackwell Academy','Junior',2023,0.83,'Expelled',830992,99571601,99571602,157516);
/*!40000 ALTER TABLE `students` ENABLE KEYS */;
UNLOCK TABLES;

--
-- Table structure for table `users`
--

DROP TABLE IF EXISTS `users`;
/*!40101 SET @saved_cs_client     = @@character_set_client */;
/*!50503 SET character_set_client = utf8mb4 */;
CREATE TABLE `users` (
  `id` int NOT NULL,
  `authorization` int DEFAULT NULL,
  `ucsf_da_id` int DEFAULT NULL,
  `username` varchar(32) NOT NULL,
  `salt` varchar(255) NOT NULL,
  `password` varchar(255) NOT NULL,
  PRIMARY KEY (`id`),
  UNIQUE KEY `id` (`id`),
  UNIQUE KEY `username` (`username`),
  UNIQUE KEY `password` (`password`),
  UNIQUE KEY `ucsf_da_id` (`ucsf_da_id`)
) ENGINE=InnoDB DEFAULT CHARSET=utf8mb4 COLLATE=utf8mb4_0900_ai_ci;
/*!40101 SET character_set_client = @saved_cs_client */;

--
-- Dumping data for table `users`
--

LOCK TABLES `users` WRITE;
/*!40000 ALTER TABLE `users` DISABLE KEYS */;
INSERT INTO `users` VALUES (594963,1,912713,'ad','LzkvBEx396MVNNK3EtJjtEpCxZNoUlPN8X5I0xwqiM5xfXNmTBqvKepQ9fEs2XrUDSSoFnYpWPXzMB8myFCkVaHbfNqgXngOkJmM6j4ANI3f58y1OFpkPxI5gJB2P3Tt','02509586e190d57df76c2a034b2d2c5178274dd3c99d45afb522d4a639745f158bc005079be22d7a2dd964798ae6fcbd8aca3b6e4cb2f59dc8480395e4db51fa');
/*!40000 ALTER TABLE `users` ENABLE KEYS */;
UNLOCK TABLES;
/*!40103 SET TIME_ZONE=@OLD_TIME_ZONE */;

/*!40101 SET SQL_MODE=@OLD_SQL_MODE */;
/*!40014 SET FOREIGN_KEY_CHECKS=@OLD_FOREIGN_KEY_CHECKS */;
/*!40014 SET UNIQUE_CHECKS=@OLD_UNIQUE_CHECKS */;
/*!40101 SET CHARACTER_SET_CLIENT=@OLD_CHARACTER_SET_CLIENT */;
/*!40101 SET CHARACTER_SET_RESULTS=@OLD_CHARACTER_SET_RESULTS */;
/*!40101 SET COLLATION_CONNECTION=@OLD_COLLATION_CONNECTION */;
/*!40111 SET SQL_NOTES=@OLD_SQL_NOTES */;

-- Dump completed on 2020-06-02 20:20:29
